1235.0,1.7365755e-15
1240.0,1.4508134e-15
1245.0,1.1892954e-15
1250.0,9.14578e-16
1255.0,0.0
1260.0,0.0
1265.0,7.553365e-16
1270.0,3.427993e-16
1275.0,3.5920367e-16
1280.0,1.0570385e-15
1285.0,1.526986e-15
1290.0,6.2003013e-16
1295.0,6.8346136e-16
1300.0,9.836763e-16
1305.0,4.8525215e-16
1310.0,5.3907527e-16
1315.0,2.5710666e-16
1320.0,4.2531785e-16
1325.0,3.1655432e-16
1330.0,4.584723e-16
1335.0,5.0645095e-16
1340.0,7.437542e-16
1345.0,4.1135864e-16
1350.0,5.458531e-16
1355.0,1.1721472e-15
1360.0,8.5281686e-16
1365.0,3.388551e-16
1370.0,4.763499e-16
1375.0,1.4060591e-16
1380.0,6.4334937e-16
1385.0,3.6065797e-16
1390.0,6.884396e-16
1395.0,1.1901733e-15
1400.0,1.1336765e-15
1405.0,1.2024543e-15
1410.0,3.866079e-16
1415.0,3.8792007e-16
1420.0,7.1272735e-16
1425.0,5.6075434e-16
1430.0,4.711774e-16
1435.0,4.991946e-16
1440.0,5.2033583e-16
1445.0,6.9600337e-16
1450.0,3.5207846e-16
1455.0,3.4826758e-16
1460.0,4.700395e-16
1465.0,2.867946e-16
1470.0,7.988844e-16
1475.0,9.447773e-16
1480.0,9.423239e-16
1485.0,8.8264396e-16
1490.0,9.548887e-16
1495.0,1.736686e-15
1500.0,1.4267924e-15
1505.0,1.1694733e-15
1510.0,4.8477496e-16
1515.0,1.1368201e-15
1520.0,1.3339227e-15
1525.0,9.877976e-16
1530.0,9.967576e-16
1535.0,8.5819716e-16
1540.0,1.2974267e-15
1545.0,2.369942e-15
1550.0,1.4831515e-15
1555.0,1.0229634e-15
1560.0,9.58877e-16
1565.0,9.428746e-16
1570.0,7.213083e-16
1575.0,1.5203044e-15
1580.0,6.3603233e-16
1585.0,5.804354e-16
1590.0,1.2604921e-15
1595.0,8.2279526e-16
1600.0,2.652233e-16
1605.0,2.3333712e-16
1610.0,3.420969e-16
1615.0,9.116584e-16
1620.0,2.097482e-16
1625.0,5.910129e-16
1630.0,7.923051e-16
1635.0,9.448104e-16
1640.0,9.669882e-16
1645.0,6.2137405e-16
1650.0,5.605229e-16
1655.0,5.6447557e-16
1660.0,2.199424e-15
1665.0,1.0334396e-15
1670.0,4.3863016e-16
1675.0,6.413507e-16
1680.0,4.2170578e-17
1685.0,4.936688e-16
1690.0,6.4904376e-16
1695.0,7.321133e-16
1700.0,7.817474e-16
1705.0,5.4874103e-16
1710.0,3.3540602e-16
1715.0,5.356474e-16
1720.0,3.997299e-16
1725.0,4.2520765e-16
1730.0,1.075793e-15
1735.0,6.622515e-16
1740.0,8.937592e-16
1745.0,1.4200721e-15
1750.0,1.2846807e-15
1755.0,8.3821994e-16
1760.0,7.0795114e-16
1765.0,8.108924e-16
1770.0,7.380485e-16
1775.0,5.511406e-16
1780.0,5.744428e-16
1785.0,6.814846e-16
1790.0,5.7361976e-16
1795.0,7.1856065e-16
1800.0,5.8626893e-16
1805.0,6.6987177e-16
1810.0,8.184416e-16
1815.0,7.006512e-16
1820.0,6.9765445e-16
1825.0,7.9808837e-16
1830.0,6.3805933e-16
1835.0,7.48994e-16
1840.0,5.291705e-16
1845.0,7.5958797e-16
1850.0,5.8831176e-16
1855.0,5.829377e-16
1860.0,6.450468e-16
1865.0,4.2162523e-16
1870.0,6.2101115e-16
1875.0,7.1389583e-16
1880.0,7.1590526e-16
1885.0,1.1973716e-15
1890.0,9.447834e-16
1895.0,9.185066e-16
1900.0,1.4685485e-15
1905.0,1.7368958e-15
1910.0,1.7088096e-15
1915.0,8.993288e-16
1920.0,2.681726e-16
1925.0,3.6827367e-16
1930.0,4.2521327e-16
1935.0,2.6595813e-16
1940.0,4.3065884e-16
1945.0,3.5503023e-16
1950.0,5.378834e-16
1955.0,5.227547e-16
1960.0,7.075035e-16
1965.0,7.413491e-16
1970.0,1.0467412e-15
1975.0,6.677759e-16
1980.0,0.0
1985.0,4.3995744e-16
1990.0,8.5919285e-16
1995.0,1.1363808e-15
2000.0,5.695468e-16
2005.0,4.8152314e-16
2010.0,1.2302393e-15
2015.0,0.0
2020.0,9.165664e-16
2025.0,9.614936e-16
2030.0,1.3385999e-16
2035.0,0.0
2040.0,1.328789e-16
2045.0,6.458052e-16
2050.0,1.3943324e-15
2055.0,2.189757e-16
2060.0,3.0288678e-16
2065.0,1.9982799e-16
2070.0,0.0
2075.0,2.4794798e-16
2080.0,1.2163998e-15
2085.0,1.00411256e-16
2090.0,7.120015e-16
2095.0,0.0
2100.0,2.3670765e-16
2105.0,3.80095e-16
2110.0,7.1231275e-17
2115.0,8.885188e-16
2120.0,0.0
2125.0,4.841452e-16
2130.0,7.7730525e-16
2135.0,4.3772182e-16
2140.0,5.815428e-17
2145.0,3.8865334e-16
2150.0,0.0
2155.0,7.653105e-16
2160.0,0.0
2165.0,0.0
2170.0,5.8046856e-16
2175.0,9.376797e-16
2180.0,4.447853e-16
2185.0,3.513278e-16
2190.0,3.5521737e-16
2195.0,6.794629e-16
2200.0,5.4704347e-16
2205.0,1.3937842e-15
2210.0,3.6813223e-17
2215.0,5.2710384e-16
2220.0,0.0
2225.0,0.0
2230.0,3.307899e-16
2235.0,1.6354647e-16
2240.0,3.8481146e-16
2245.0,1.3440964e-16
2250.0,1.1124019e-15
2255.0,8.4195006e-16
2260.0,9.745067e-16
2265.0,2.2983686e-16
2270.0,2.1328692e-16
2275.0,1.0607961e-15
2280.0,7.7838135e-16
2285.0,1.2510421e-16
2290.0,1.6917358e-16
2295.0,4.665679e-16
2300.0,6.288275e-16
2305.0,7.8550204e-16
2310.0,3.4342162e-16
2315.0,1.4407778e-15
2320.0,1.2738486e-15
2325.0,2.1571788e-15
2330.0,2.3252537e-15
2335.0,1.7793145e-15
2340.0,8.5024384e-16
2345.0,8.8782436e-16
2350.0,5.325511e-16
2355.0,8.0001314e-16
2360.0,1.1525931e-15
2365.0,3.874621e-16
2370.0,1.0768141e-15
2375.0,3.572026e-16
2380.0,5.4312467e-16
2385.0,4.2357587e-16
2390.0,3.609844e-16
2395.0,5.5274535e-17
2400.0,6.577356e-16
2405.0,7.025879e-16
2410.0,2.4294641e-16
2415.0,4.899569e-16
2420.0,5.647247e-16
2425.0,9.136929e-16
2430.0,6.966195e-16
2435.0,5.7098565e-16
2440.0,7.8134586e-16
2445.0,1.165607e-15
2450.0,7.743613e-16
2455.0,9.838922e-16
2460.0,1.1715527e-15
2465.0,1.3514539e-15
2470.0,9.623533e-16
2475.0,7.216822e-16
2480.0,1.3195193e-15
2485.0,8.106467e-16
2490.0,2.6443937e-16
2495.0,5.7962406e-16
2500.0,8.2658557e-16
2505.0,7.4023967e-16
2510.0,6.336318e-16
2515.0,7.559255e-16
2520.0,4.6062573e-16
2525.0,4.9974843e-16
2530.0,9.269886e-16
2535.0,4.155249e-16
2540.0,8.655802e-16
2545.0,6.370919e-16
2550.0,7.33117e-16
2555.0,5.512375e-16
2560.0,6.345815e-16
2565.0,8.378077e-16
2570.0,9.557153e-16
2575.0,9.565216e-16
2580.0,8.254593e-16
2585.0,7.200359e-16
2590.0,6.94216e-16
2595.0,9.622306e-16
2600.0,7.299653e-16
2605.0,9.978525e-16
2610.0,1.1649444e-15
2615.0,1.0615324e-15
2620.0,1.0725921e-15
2625.0,1.0923998e-15
2630.0,1.189763e-15
2635.0,1.146648e-15
2640.0,1.1507546e-15
2645.0,1.217779e-15
2650.0,1.2667327e-15
2655.0,1.1222236e-15
2660.0,1.2638431e-15
2665.0,1.2566094e-15
2670.0,1.3954104e-15
2675.0,1.1846506e-15
2680.0,1.4739955e-15
2685.0,1.4902228e-15
2690.0,1.4314716e-15
2695.0,1.1893528e-15
2700.0,1.0201995e-15
2705.0,1.3636554e-15
2710.0,1.2677568e-15
2715.0,1.2238161e-15
2720.0,1.1206795e-15
2725.0,1.016992e-15
2730.0,1.0353885e-15
2735.0,1.2126712e-15
2740.0,1.0062383e-15
2745.0,1.3549424e-15
2750.0,1.2595349e-15
2755.0,1.1481068e-15
2760.0,1.3156507e-15
2765.0,1.3875578e-15
2770.0,1.3688005e-15
2775.0,1.4300545e-15
2780.0,1.6143309e-15
2785.0,1.9622234e-15
2790.0,2.429016e-15
2795.0,2.3728374e-15
2800.0,2.1487826e-15
2805.0,1.8679743e-15
2810.0,2.0938741e-15
2815.0,1.9705574e-15
2820.0,1.6605358e-15
2825.0,1.6684197e-15
2830.0,1.437188e-15
2835.0,1.5682094e-15
2840.0,1.3272755e-15
2845.0,1.1682489e-15
2850.0,1.1133943e-15
2855.0,9.59395e-16
2860.0,1.4657969e-15
2865.0,1.4241786e-15
2870.0,1.4570775e-15
2875.0,1.5243795e-15
2880.0,1.7653541e-15
2885.0,1.6183524e-15
2890.0,1.9900124e-15
2895.0,2.3392145e-15
2900.0,2.3146217e-15
2905.0,2.4956265e-15
2910.0,2.4241937e-15
2915.0,2.651447e-15
2920.0,2.4219427e-15
2925.0,2.5387515e-15
2930.0,2.5734898e-15
2935.0,2.3199138e-15
2940.0,2.8319187e-15
2945.0,2.342026e-15
2950.0,2.4173041e-15
2955.0,2.9750385e-15
2960.0,2.856884e-15
2965.0,2.1277938e-15
2970.0,2.5179316e-15
2975.0,2.6317187e-15
2980.0,2.6949903e-15
2985.0,2.6385466e-15
2990.0,2.6250468e-15
2995.0,2.2518924e-15
3000.0,2.367877e-15
3005.0,2.340463e-15
3010.0,2.5085493e-15
3015.0,2.1426336e-15
3020.0,2.2511508e-15
3025.0,2.4116894e-15
3030.0,2.80217e-15
3035.0,3.2227768e-15
3040.0,3.079043e-15
3045.0,3.052585e-15
3050.0,2.9268673e-15
3055.0,2.8571031e-15
3060.0,2.7493677e-15
3065.0,3.1591892e-15
3070.0,3.274251e-15
3075.0,3.672634e-15
3080.0,3.5058793e-15
3085.0,3.3937188e-15
3090.0,3.0644729e-15
3095.0,2.9783593e-15
3100.0,3.945506e-15
3105.0,3.3274383e-15
3110.0,3.809105e-15
3115.0,3.6535623e-15
3120.0,4.3501766e-15
3125.0,3.928544e-15
3130.0,3.950274e-15
3135.0,3.8152664e-15
3140.0,3.9714275e-15
3145.0,3.5887803e-15
3150.0,3.6956988e-15
3155.0,3.0659133e-15
3160.0,2.770799e-15
3165.0,3.6033345e-15
3170.0,4.2402906e-15
3175.0,3.5412857e-15
3180.0,2.9465549e-15
3185.0,4.4181632e-15
3190.0,3.6933135e-15
3195.0,3.0676575e-15
3200.0,3.9575586e-15
3205.0,2.9699605e-15
3210.0,2.7110583e-15
3215.0,3.3523599e-15
3220.0,3.7547014e-15
3225.0,3.5565444e-15
3230.0,4.12053e-15
3235.0,2.8408312e-15
3240.0,3.6073875e-15
3245.0,4.4965926e-15
3250.0,4.9347805e-15
3255.0,4.689807e-15
3260.0,5.451859e-15
3265.0,6.150183e-15
3270.0,2.1721472e-15
3275.0,5.493391e-15
3280.0,6.9556783e-15
3285.0,7.622681e-15
3290.0,8.765501e-15
3295.0,6.7069593e-15
3300.0,6.8e-15
3305.0,6.9e-15
3310.0,7e-15
3315.0,7.1e-15
3320.0,7.2e-15
3325.0,7.3e-15
3330.0,7.4e-15
3335.0,7.5e-15
3340.0,7.6e-15
3345.0,7.7e-15
3350.0,7.8e-15
3355.0,7.9e-15
3360.0,8.015448e-15
3365.0,7.812411e-15
3370.0,9.266101e-15
3375.0,7.433836e-15
3380.0,9.051614e-15
3385.0,8.532139e-15
3390.0,8.602991e-15
3395.0,9.449369e-15
3400.0,9.618801e-15
3405.0,9.811501e-15
3410.0,1.0446838e-14
3415.0,1.1283839e-14
3420.0,9.982295e-15
3425.0,7.704806e-15
3430.0,7.362615e-15
3435.0,7.343287e-15
3440.0,9.639164e-15
3445.0,9.683694e-15
3450.0,8.208787e-15
3455.0,7.96329e-15
3460.0,7.612711e-15
3465.0,6.9521665e-15
3470.0,6.1214288e-15
3475.0,5.3300035e-15
3480.0,6.808967e-15
3485.0,7.636083e-15
3490.0,5.4511292e-15
3495.0,8.24961e-15
3500.0,1.0344204e-14
3505.0,1.04205805e-14
3510.0,8.607715e-15
3515.0,6.690911e-15
3520.0,4.4563e-15
3525.0,4.4099436e-15
3530.0,6.115021e-15
3535.0,7.480406e-15
3540.0,6.600825e-15
3545.0,6.1189834e-15
3550.0,7.081439e-15
3555.0,6.070375e-15
3560.0,6.544163e-15
3565.0,8.54564e-15
3570.0,9.676425e-15
3575.0,8.871637e-15
3580.0,7.790056e-15
3585.0,9.62049e-15
3590.0,1.0123442e-14
3595.0,9.286124e-15
3600.0,7.703825e-15
3605.0,7.167909e-15
3610.0,7.310128e-15
3615.0,7.573345e-15
3620.0,8.8297925e-15
3625.0,1.0043862e-14
3630.0,1.0075406e-14
3635.0,1.071914e-14
3640.0,1.0065852e-14
3645.0,9.249715e-15
3650.0,8.863283e-15
3655.0,1.0786626e-14
3660.0,1.092263e-14
3665.0,9.78768e-15
3670.0,9.4251635e-15
3675.0,1.04407365e-14
3680.0,1.1004751e-14
3685.0,1.0453307e-14
3690.0,1.0320744e-14
3695.0,9.218184e-15
3700.0,9.7927105e-15
3705.0,1.016001e-14
3710.0,9.666147e-15
3715.0,1.04923115e-14
3720.0,1.2447613e-14
3725.0,1.0415753e-14
3730.0,7.21348e-15
3735.0,8.343303e-15
3740.0,7.781301e-15
3745.0,7.6106385e-15
3750.0,8.754786e-15
3755.0,8.318242e-15
3760.0,8.2476335e-15
3765.0,9.790904e-15
3770.0,1.1688726e-14
3775.0,1.1012414e-14
3780.0,9.3660135e-15
3785.0,7.774298e-15
3790.0,8.145581e-15
3795.0,7.8783585e-15
3800.0,8.767406e-15
3805.0,8.91419e-15
3810.0,9.185147e-15
3815.0,8.083483e-15
3820.0,6.7062525e-15
3825.0,7.677124e-15
3830.0,7.0265275e-15
3835.0,6.7243756e-15
3840.0,7.734641e-15
3845.0,8.726091e-15
3850.0,9.2702115e-15
3855.0,7.675019e-15
3860.0,8.8521575e-15
3865.0,8.657458e-15
3870.0,8.833632e-15
3875.0,9.522358e-15
3880.0,9.0284895e-15
3885.0,9.756993e-15
3890.0,9.988544e-15
3895.0,1.14779165e-14
3900.0,1.13360435e-14
3905.0,1.15595925e-14
3910.0,1.1133014e-14
3915.0,9.5366084e-15
3920.0,8.978074e-15
3925.0,7.578402e-15
3930.0,6.2615577e-15
3935.0,7.473577e-15
3940.0,8.9214745e-15
3945.0,9.629811e-15
3950.0,1.1304151e-14
3955.0,1.1504413e-14
3960.0,9.1228735e-15
3965.0,8.436452e-15
3970.0,1.0416782e-14
3975.0,1.21936305e-14
3980.0,1.4572824e-14
3985.0,1.5537512e-14
3990.0,1.5143536e-14
3995.0,1.5209556e-14
4000.0,1.6893598e-14
4005.0,1.6783079e-14
4010.0,1.827326e-14
4015.0,1.828225e-14
4020.0,1.8467007e-14
4025.0,1.846105e-14
4030.0,1.7185031e-14
4035.0,1.67721e-14
4040.0,1.669006e-14
4045.0,1.6419922e-14
4050.0,1.6894303e-14
4055.0,1.5809336e-14
4060.0,1.5251092e-14
4065.0,1.7528966e-14
4070.0,1.70162e-14
4075.0,1.7401675e-14
4080.0,1.860156e-14
4085.0,1.9467213e-14
4090.0,1.8485711e-14
4095.0,1.7414787e-14
4100.0,1.6805501e-14
4105.0,1.6704028e-14
4110.0,1.7290755e-14
4115.0,1.7410506e-14
4120.0,1.732359e-14
4125.0,1.6823335e-14
4130.0,1.6295211e-14
4135.0,1.6064874e-14
4140.0,1.5737047e-14
4145.0,1.5689156e-14
4150.0,1.577483e-14
4155.0,1.6078886e-14
4160.0,1.6227008e-14
4165.0,1.676444e-14
4170.0,1.5976288e-14
4175.0,1.584569e-14
4180.0,1.6242196e-14
4185.0,1.6667682e-14
4190.0,1.745288e-14
4195.0,1.6835163e-14
4200.0,1.683398e-14
4205.0,1.8652199e-14
4210.0,1.9142836e-14
4215.0,1.7419529e-14
4220.0,1.6690535e-14
4225.0,1.610026e-14
4230.0,1.657028e-14
4235.0,1.8344784e-14
4240.0,2.0125391e-14
4245.0,2.1273732e-14
4250.0,1.9801914e-14
4255.0,1.8627723e-14
4260.0,1.8337333e-14
4265.0,1.8043469e-14
4270.0,1.7882534e-14
4275.0,1.8693817e-14
4280.0,1.8926987e-14
4285.0,1.8812663e-14
4290.0,1.805742e-14
4295.0,1.6131156e-14
4300.0,1.4849111e-14
4305.0,1.5673728e-14
4310.0,1.8229935e-14
4315.0,2.0881251e-14
4320.0,2.158302e-14
4325.0,2.2018549e-14
4330.0,2.272478e-14
4335.0,2.1632222e-14
4340.0,2.2144087e-14
4345.0,2.2927884e-14
4350.0,2.3788839e-14
4355.0,2.3478964e-14
4360.0,2.4668801e-14
4365.0,2.481081e-14
4370.0,2.2549655e-14
4375.0,2.1749443e-14
4380.0,2.1089913e-14
4385.0,2.1512941e-14
4390.0,2.2618687e-14
4395.0,2.2149534e-14
4400.0,2.2210463e-14
4405.0,2.2582806e-14
4410.0,2.4404464e-14
4415.0,2.5399448e-14
4420.0,2.506457e-14
4425.0,2.3909817e-14
4430.0,2.4002772e-14
4435.0,2.5120443e-14
4440.0,2.576962e-14
4445.0,2.5692044e-14
4450.0,2.4997731e-14
4455.0,2.38667e-14
4460.0,2.456825e-14
4465.0,2.5959547e-14
4470.0,2.6843889e-14
4475.0,2.7726917e-14
4480.0,2.7345317e-14
4485.0,2.7324788e-14
4490.0,2.7178477e-14
4495.0,2.7881819e-14
4500.0,2.8897373e-14
4505.0,2.873475e-14
4510.0,2.891603e-14
4515.0,2.9058234e-14
4520.0,2.8480643e-14
4525.0,2.6546917e-14
4530.0,2.612556e-14
4535.0,2.7497962e-14
4540.0,2.75833e-14
4545.0,2.817132e-14
4550.0,2.832677e-14
4555.0,2.9129792e-14
4560.0,3.0365396e-14
4565.0,3.006959e-14
4570.0,2.973321e-14
4575.0,2.9876085e-14
4580.0,2.9218327e-14
4585.0,2.8872568e-14
4590.0,2.8886968e-14
4595.0,2.9746794e-14
4600.0,2.9943075e-14
4605.0,2.982679e-14
4610.0,3.1110744e-14
4615.0,3.205457e-14
4620.0,3.1638334e-14
4625.0,3.0805982e-14
4630.0,2.9616046e-14
4635.0,2.868954e-14
4640.0,2.8487087e-14
4645.0,2.7090944e-14
4650.0,2.782958e-14
4655.0,2.964103e-14
4660.0,2.8934327e-14
4665.0,2.8809176e-14
4670.0,2.9417973e-14
4675.0,2.907662e-14
4680.0,2.8770104e-14
4685.0,2.9445047e-14
4690.0,2.9086837e-14
4695.0,2.9049435e-14
4700.0,2.8192546e-14
4705.0,2.8233744e-14
4710.0,2.9255112e-14
4715.0,3.0284823e-14
4720.0,3.1107258e-14
4725.0,3.065139e-14
4730.0,3.019624e-14
4735.0,3.036453e-14
4740.0,3.1662593e-14
4745.0,3.2652686e-14
4750.0,3.2480624e-14
4755.0,3.197758e-14
4760.0,3.0819853e-14
4765.0,3.0844773e-14
4770.0,3.1562355e-14
4775.0,3.2040844e-14
4780.0,3.186123e-14
4785.0,3.1673435e-14
4790.0,3.1925522e-14
4795.0,3.2446407e-14
4800.0,3.2125385e-14
4805.0,3.1239378e-14
4810.0,3.1839057e-14
4815.0,3.2965292e-14
4820.0,3.247171e-14
4825.0,3.367943e-14
4830.0,3.354458e-14
4835.0,3.2054776e-14
4840.0,3.1717776e-14
4845.0,3.14415e-14
4850.0,3.1803492e-14
4855.0,3.1055938e-14
4860.0,3.151055e-14
4865.0,3.1382388e-14
4870.0,3.032808e-14
4875.0,3.1137876e-14
4880.0,3.0987474e-14
4885.0,3.0374334e-14
4890.0,3.066169e-14
4895.0,3.091787e-14
4900.0,3.1616528e-14
4905.0,3.1971126e-14
4910.0,3.1610765e-14
4915.0,3.0790634e-14
4920.0,2.9797003e-14
4925.0,3.0729637e-14
4930.0,3.1946634e-14
4935.0,3.2122423e-14
4940.0,3.3095265e-14
4945.0,3.382314e-14
4950.0,3.346549e-14
4955.0,3.3750282e-14
4960.0,3.2615065e-14
4965.0,3.167859e-14
4970.0,3.2483337e-14
4975.0,3.1546e-14
4980.0,3.0402096e-14
4985.0,3.0635044e-14
4990.0,3.1189135e-14
4995.0,3.2103453e-14
5000.0,3.3646534e-14
5005.0,3.3232104e-14
5010.0,3.080186e-14
5015.0,2.938717e-14
5020.0,3.0102623e-14
5025.0,3.0122918e-14
5030.0,3.023957e-14
5035.0,3.026142e-14
5040.0,2.9707956e-14
5045.0,3.0111083e-14
5050.0,3.0865162e-14
5055.0,3.1752545e-14
5060.0,3.149146e-14
5065.0,3.0121667e-14
5070.0,3.030465e-14
5075.0,2.9818602e-14
5080.0,2.9018637e-14
5085.0,2.9709193e-14
5090.0,3.0032898e-14
5095.0,2.9860544e-14
5100.0,2.9795106e-14
5105.0,2.9969652e-14
5110.0,3.0954826e-14
5115.0,3.1434253e-14
5120.0,3.057563e-14
5125.0,2.896853e-14
5130.0,2.92987e-14
5135.0,2.945436e-14
5140.0,2.983832e-14
5145.0,2.902023e-14
5150.0,2.8808543e-14
5155.0,2.9759144e-14
5160.0,2.85753e-14
5165.0,2.5307362e-14
5170.0,2.4285412e-14
5175.0,2.5450758e-14
5180.0,2.5935332e-14
5185.0,2.7201582e-14
5190.0,2.9003157e-14
5195.0,3.0884217e-14
5200.0,3.1602992e-14
5205.0,2.9724856e-14
5210.0,3.0174627e-14
5215.0,3.18478e-14
5220.0,3.2068295e-14
5225.0,3.1065757e-14
5230.0,3.172607e-14
5235.0,3.328651e-14
5240.0,3.3234435e-14
5245.0,3.292709e-14
5250.0,3.3054373e-14
5255.0,3.2252687e-14
5260.0,3.0493694e-14
5265.0,2.9565495e-14
5270.0,3.1313412e-14
5275.0,3.3348775e-14
5280.0,3.4981278e-14
5285.0,3.6454597e-14
5290.0,3.602424e-14
5295.0,3.4872136e-14
5300.0,3.4653663e-14
5305.0,3.531268e-14
5310.0,3.716876e-14
5315.0,3.7336538e-14
5320.0,3.548868e-14
5325.0,3.4030328e-14
5330.0,3.4815212e-14
5335.0,3.60161e-14
5340.0,3.687584e-14
5345.0,3.685431e-14
5350.0,3.8357467e-14
5355.0,3.8819364e-14
5360.0,3.7970796e-14
5365.0,3.7550478e-14
5370.0,3.6681612e-14
5375.0,3.7116557e-14
5380.0,3.7916383e-14
5385.0,3.746614e-14
5390.0,3.5409203e-14
5395.0,3.4437087e-14
5400.0,3.414005e-14
5405.0,3.42727e-14
5410.0,3.538099e-14
5415.0,3.7216696e-14
5420.0,3.810921e-14
5425.0,3.751463e-14
5430.0,3.681912e-14
5435.0,3.7764574e-14
5440.0,3.7650882e-14
5445.0,3.671812e-14
5450.0,3.619488e-14
5455.0,3.7201826e-14
5460.0,3.7610394e-14
5465.0,3.723109e-14
5470.0,3.6373756e-14
5475.0,3.5696503e-14
5480.0,3.6302504e-14
5485.0,3.6519737e-14
5490.0,3.6665986e-14
5495.0,3.6908085e-14
5500.0,3.6717066e-14
5505.0,3.6558494e-14
5510.0,3.6703117e-14
5515.0,3.7155703e-14
5520.0,3.7147053e-14
5525.0,3.6947008e-14
5530.0,3.787561e-14
5535.0,3.88673e-14
5540.0,3.893094e-14
5545.0,3.866376e-14
5550.0,3.8485457e-14
5555.0,3.825627e-14
5560.0,3.8057604e-14
5565.0,3.7989973e-14
5570.0,3.850245e-14
5575.0,3.9988175e-14
5580.0,3.8057194e-14
5585.0,3.626346e-14
5590.0,3.6634595e-14
5595.0,3.7230185e-14
5600.0,3.8093982e-14
5605.0,3.9047118e-14
5610.0,3.816523e-14
5615.0,3.6619396e-14
5620.0,3.6723517e-14
5625.0,3.755023e-14
5630.0,3.7347035e-14
5635.0,3.7810456e-14
5640.0,3.8349637e-14
5645.0,3.8468977e-14
5650.0,3.7945036e-14
5655.0,3.746877e-14
5660.0,3.87748e-14
5665.0,3.9155392e-14
5670.0,3.9344318e-14
5675.0,3.9640732e-14
5680.0,3.8341807e-14
5685.0,3.8646447e-14
5690.0,3.8894618e-14
5695.0,3.9480887e-14
5700.0,3.900324e-14
5705.0,3.7961455e-14
5710.0,3.8074826e-14
5715.0,4.064025e-14
5720.0,4.1054738e-14
5725.0,4.1326812e-14
5730.0,4.096855e-14
5735.0,4.1004015e-14
5740.0,4.0996808e-14
5745.0,4.0556534e-14
5750.0,3.9975005e-14
5755.0,4.0289973e-14
5760.0,4.0400802e-14
5765.0,4.1046356e-14
5770.0,4.1021033e-14
5775.0,4.1007433e-14
5780.0,3.979922e-14
5785.0,3.905209e-14
5790.0,3.998027e-14
5795.0,4.1596307e-14
5800.0,4.3110165e-14
5805.0,4.2983402e-14
5810.0,4.2408863e-14
5815.0,4.268692e-14
5820.0,4.2725274e-14
5825.0,4.2820893e-14
5830.0,4.2477466e-14
5835.0,4.212051e-14
5840.0,4.2070314e-14
5845.0,4.2073173e-14
5850.0,4.02061e-14
5855.0,3.951914e-14
5860.0,3.946286e-14
5865.0,4.001154e-14
5870.0,4.0521372e-14
5875.0,4.014778e-14
5880.0,3.7386174e-14
5885.0,3.2913715e-14
5890.0,2.9554525e-14
5895.0,3.0541538e-14
5900.0,3.5292217e-14
5905.0,3.9257585e-14
5910.0,4.0391755e-14
5915.0,3.9774926e-14
5920.0,3.9506386e-14
5925.0,3.912325e-14
5930.0,3.98988e-14
5935.0,4.09476e-14
5940.0,4.0324403e-14
5945.0,4.0532763e-14
5950.0,4.0815723e-14
5955.0,4.046331e-14
5960.0,4.073925e-14
5965.0,4.080855e-14
5970.0,4.1673015e-14
5975.0,4.191319e-14
5980.0,4.1420118e-14
5985.0,4.07567e-14
5990.0,4.0942378e-14
5995.0,4.165252e-14
6000.0,4.1894968e-14
6005.0,4.1367944e-14
6010.0,4.0763677e-14
6015.0,4.1896445e-14
6020.0,4.3119063e-14
6025.0,4.3548122e-14
6030.0,4.362546e-14
6035.0,4.3869175e-14
6040.0,4.3887674e-14
6045.0,4.3835466e-14
6050.0,4.4326135e-14
6055.0,4.308253e-14
6060.0,4.2503683e-14
6065.0,4.337843e-14
6070.0,4.438799e-14
6075.0,4.421521e-14
6080.0,4.311982e-14
6085.0,4.3713487e-14
6090.0,4.37716e-14
6095.0,4.2530578e-14
6100.0,4.209046e-14
6105.0,4.292841e-14
6110.0,4.343638e-14
6115.0,4.3671467e-14
6120.0,4.2446972e-14
6125.0,4.1521572e-14
6130.0,4.1648956e-14
6135.0,4.220476e-14
6140.0,4.298161e-14
6145.0,4.2794103e-14
6150.0,4.2263095e-14
6155.0,4.078132e-14
6160.0,4.007027e-14
6165.0,3.9926402e-14
6170.0,4.0343268e-14
6175.0,4.1305308e-14
6180.0,4.174629e-14
6185.0,4.0282898e-14
6190.0,4.0815987e-14
6195.0,4.142276e-14
6200.0,4.1030222e-14
6205.0,4.1216335e-14
6210.0,4.0321387e-14
6215.0,3.972683e-14
6220.0,3.950708e-14
6225.0,3.8646105e-14
6230.0,3.85461e-14
6235.0,3.8016682e-14
6240.0,3.8233424e-14
6245.0,3.845437e-14
6250.0,3.7731662e-14
6255.0,3.6768948e-14
6260.0,3.677258e-14
6265.0,3.8384176e-14
6270.0,3.9614542e-14
6275.0,3.8958044e-14
6280.0,3.791747e-14
6285.0,3.878051e-14
6290.0,4.0377566e-14
6295.0,4.0849885e-14
6300.0,4.12608e-14
6305.0,3.9979477e-14
6310.0,3.895411e-14
6315.0,3.9990983e-14
6320.0,4.063284e-14
6325.0,4.179472e-14
6330.0,4.121254e-14
6335.0,4.038395e-14
6340.0,3.931504e-14
6345.0,4.0228885e-14
6350.0,4.101581e-14
6355.0,4.0884613e-14
6360.0,4.177297e-14
6365.0,4.1904356e-14
6370.0,4.078391e-14
6375.0,3.9999854e-14
6380.0,4.0298734e-14
6385.0,4.005312e-14
6390.0,4.1184487e-14
6395.0,4.18241e-14
6400.0,4.0754106e-14
6405.0,4.1545828e-14
6410.0,4.2099425e-14
6415.0,4.220226e-14
6420.0,4.3160747e-14
6425.0,4.270192e-14
6430.0,4.386966e-14
6435.0,4.5240074e-14
6440.0,4.3531388e-14
6445.0,4.20548e-14
6450.0,4.231984e-14
6455.0,4.292106e-14
6460.0,4.3579208e-14
6465.0,4.3157426e-14
6470.0,4.245238e-14
6475.0,4.1446047e-14
6480.0,4.148557e-14
6485.0,4.0769854e-14
6490.0,3.9770735e-14
6495.0,3.9165713e-14
6500.0,4.1565357e-14
6505.0,4.2907958e-14
6510.0,4.3422934e-14
6515.0,4.3837784e-14
6520.0,4.346357e-14
6525.0,4.312645e-14
6530.0,4.4016525e-14
6535.0,4.4821504e-14
6540.0,4.5667266e-14
6545.0,4.6524196e-14
6550.0,4.6160795e-14
6555.0,4.6473547e-14
6560.0,4.7360055e-14
6565.0,4.6208768e-14
6570.0,4.532947e-14
6575.0,4.884444e-14
6580.0,5.425263e-14
6585.0,5.3096657e-14
6590.0,4.7827217e-14
6595.0,4.4199975e-14
6600.0,4.3568593e-14
6605.0,4.4499147e-14
6610.0,4.413421e-14
6615.0,4.380882e-14
6620.0,4.3995647e-14
6625.0,4.3641648e-14
6630.0,4.2340663e-14
6635.0,4.124676e-14
6640.0,4.1549565e-14
6645.0,4.2934162e-14
6650.0,4.2108027e-14
6655.0,4.129125e-14
6660.0,4.0789014e-14
6665.0,4.097575e-14
6670.0,4.3040167e-14
6675.0,4.2613774e-14
6680.0,4.182759e-14
6685.0,4.3251827e-14
6690.0,4.3030246e-14
6695.0,4.2294015e-14
6700.0,4.1350326e-14
6705.0,4.2715143e-14
6710.0,4.592007e-14
6715.0,4.4870446e-14
6720.0,4.379266e-14
6725.0,4.5045778e-14
6730.0,4.5999e-14
6735.0,4.3542098e-14
6740.0,4.208676e-14
6745.0,4.158316e-14
6750.0,4.2811864e-14
6755.0,4.3309045e-14
6760.0,4.1701394e-14
6765.0,4.247299e-14
6770.0,4.2955473e-14
6775.0,4.2580848e-14
6780.0,4.186582e-14
6785.0,4.1847253e-14
6790.0,4.23895e-14
6795.0,4.3456988e-14
6800.0,4.1680608e-14
6805.0,4.1102098e-14
6810.0,4.1833463e-14
6815.0,4.2597026e-14
6820.0,4.5200656e-14
6825.0,4.5133998e-14
6830.0,4.2744796e-14
6835.0,4.290579e-14
6840.0,4.2486417e-14
6845.0,4.0915056e-14
6850.0,4.1751694e-14
6855.0,4.1395388e-14
6860.0,4.0093952e-14
6865.0,3.6169296e-14
6870.0,3.4239982e-14
6875.0,3.753276e-14
6880.0,3.874825e-14
6885.0,3.835452e-14
6890.0,3.8032962e-14
6895.0,3.88749e-14
6900.0,3.9705378e-14
6905.0,4.1513363e-14
6910.0,4.0772988e-14
6915.0,4.1174095e-14
6920.0,4.2849767e-14
6925.0,4.2467572e-14
6930.0,4.2726497e-14
6935.0,4.3468155e-14
6940.0,4.189993e-14
6945.0,4.179233e-14
6950.0,4.2331457e-14
6955.0,4.224528e-14
6960.0,4.33099e-14
6965.0,4.438409e-14
6970.0,4.5230536e-14
6975.0,4.3473786e-14
6980.0,4.3624216e-14
6985.0,4.5239477e-14
6990.0,4.3539225e-14
6995.0,4.2262445e-14
7000.0,4.2337685e-14
7005.0,4.3276143e-14
7010.0,4.266124e-14
7015.0,4.2434023e-14
7020.0,4.287358e-14
7025.0,4.3897313e-14
7030.0,4.5502207e-14
7035.0,4.4219582e-14
7040.0,4.500959e-14
7045.0,4.6734508e-14
7050.0,4.402861e-14
7055.0,4.425931e-14
7060.0,4.346787e-14
7065.0,4.3208536e-14
7070.0,4.245881e-14
7075.0,4.2892884e-14
7080.0,4.3568786e-14
7085.0,4.379881e-14
7090.0,4.2000627e-14
7095.0,4.0327947e-14
7100.0,3.9497102e-14
7105.0,3.9786107e-14
7110.0,4.190997e-14
7115.0,4.313829e-14
7120.0,4.1111662e-14
7125.0,4.145697e-14
7130.0,4.1863428e-14
7135.0,4.0413846e-14
7140.0,4.0798243e-14
7145.0,4.261799e-14
7150.0,4.1093434e-14
7155.0,4.0845308e-14
7160.0,3.978751e-14
7165.0,3.8784856e-14
7170.0,3.713963e-14
7175.0,3.6856653e-14
7180.0,3.5890094e-14
7185.0,3.5230662e-14
7190.0,3.5309192e-14
7195.0,3.4222692e-14
7200.0,3.4147022e-14
7205.0,3.6285682e-14
7210.0,3.95583e-14
7215.0,3.9832527e-14
7220.0,4.010161e-14
7225.0,4.095308e-14
7230.0,4.0849885e-14
7235.0,4.1354137e-14
7240.0,4.1375937e-14
7245.0,4.025575e-14
7250.0,4.0431512e-14
7255.0,3.7138488e-14
7260.0,3.535241e-14
7265.0,3.7360323e-14
7270.0,3.915539e-14
7275.0,3.774733e-14
7280.0,3.9815214e-14
7285.0,4.044483e-14
7290.0,3.8511664e-14
7295.0,4.1039505e-14
7300.0,4.1227923e-14
7305.0,4.1291437e-14
7310.0,4.1831996e-14
7315.0,4.182079e-14
7320.0,4.3389097e-14
7325.0,4.3434088e-14
7330.0,4.0611432e-14
7335.0,4.3262177e-14
7340.0,4.5830717e-14
7345.0,4.5268693e-14
7350.0,4.684486e-14
7355.0,4.499694e-14
7360.0,4.2391268e-14
7365.0,4.547084e-14
7370.0,4.6559446e-14
7375.0,4.552389e-14
7380.0,4.6292658e-14
7385.0,4.683416e-14
7390.0,4.5923097e-14
7395.0,4.749284e-14
7400.0,4.882331e-14
7405.0,4.5332658e-14
7410.0,4.7035655e-14
7415.0,4.813572e-14
7420.0,4.7392307e-14
7425.0,4.7378673e-14
7430.0,4.8393476e-14
7435.0,4.9945775e-14
7440.0,4.8623235e-14
7445.0,4.7510678e-14
7450.0,4.9804165e-14
7455.0,4.755159e-14
7460.0,4.436538e-14
7465.0,4.7794674e-14
7470.0,4.9768085e-14
7475.0,4.8211354e-14
7480.0,4.6245515e-14
7485.0,4.5823978e-14
7490.0,4.6208764e-14
7495.0,4.578988e-14
7500.0,4.471042e-14
7505.0,4.656078e-14
7510.0,4.912702e-14
7515.0,4.7253993e-14
7520.0,4.8473768e-14
7525.0,4.8539918e-14
7530.0,4.8462916e-14
7535.0,4.8829637e-14
7540.0,4.8507524e-14
7545.0,4.800704e-14
7550.0,4.8658062e-14
