1005.0,1.3556339999999999e-14
1015.0,1.2986009999999999e-14
1025.0,5.84955e-15
1035.0,8.68347e-15
1045.0,1.71174e-14
1055.0,1.712808e-14
1065.0,1.334601e-14
1075.0,1.6005239999999998e-14
1085.0,1.222671e-14
1095.0,1.667181e-14
1105.0,1.634742e-14
1115.0,1.553826e-14
1125.0,1.4347679999999998e-14
1135.0,1.827591e-14
1145.0,1.641519e-14
1155.0,1.778397e-14
1165.0,1.851117e-14
1175.0,1.336383e-14
1185.0,1.769484e-14
1195.0,1.071531e-14
1205.0,7.77447e-15
1215.0,5.32914e-15
1225.0,1.099338e-14
1235.0,1.8247409999999997e-14
1245.0,2.061432e-14
1255.0,1.942017e-14
1265.0,1.557747e-14
1275.0,2.197959e-14
1285.0,2.3426789999999998e-14
1295.0,1.7816069999999998e-14
1305.0,1.69962e-14
1315.0,2.2318169999999998e-14
1325.0,2.1423479999999997e-14
1335.0,1.809411e-14
1345.0,2.2856489999999998e-14
1355.0,2.1922589999999997e-14
1365.0,1.9070789999999998e-14
1375.0,2.0539469999999998e-14
1385.0,2.0788979999999996e-14
1395.0,1.882485e-14
1405.0,1.930254e-14
1415.0,1.884267e-14
1425.0,1.966611e-14
1435.0,1.909578e-14
1442.0,2.039331e-14
1447.0,2.0952960000000002e-14
1455.0,2.0165159999999998e-14
1465.0,1.835076e-14
1475.0,1.8097679999999998e-14
1485.0,1.8614549999999997e-14
1495.0,1.908867e-14
1505.0,1.801569e-14
1512.0,1.5787829999999998e-14
1517.0,1.716375e-14
1525.0,1.614069e-14
1535.0,1.3894949999999998e-14
1545.0,1.599813e-14
1555.0,1.482891e-14
1565.0,1.468986e-14
1575.0,1.557033e-14
1585.0,1.651497e-14
1595.0,1.6882110000000002e-14
1605.0,1.634388e-14
1615.0,1.641873e-14
1625.0,1.5221009999999998e-14
1635.0,1.620843e-14
1645.0,1.644726e-14
1655.0,1.478256e-14
1665.0,1.638666e-14
1672.0,1.4048249999999999e-14
1677.0,1.6211969999999997e-14
1685.0,1.726002e-14
1695.0,1.6019489999999998e-14
1705.0,1.515327e-14
1715.0,1.4190809999999998e-14
1725.0,1.4044649999999998e-14
1735.0,1.5e-14
1745.0,1.456869e-14
1755.0,1.5723629999999998e-14
1765.0,1.393416e-14
1775.0,1.447956e-14
1785.0,1.462932e-14
1795.0,1.576284e-14
1805.0,1.5459839999999998e-14
1815.0,1.417656e-14
1825.0,1.432629e-14
1835.0,1.359195e-14
1845.0,1.2344369999999998e-14
1855.0,1.227663e-14
1865.0,1.264734e-14
1875.0,1.3798679999999998e-14
1885.0,1.263663e-14
1895.0,1.213047e-14
1905.0,1.267584e-14
1915.0,1.219821e-14
1925.0,1.198788e-14
1935.0,1.214829e-14
1945.0,1.2672269999999998e-14
1955.0,1.187022e-14
1967.0,1.300737e-14
1976.0,1.32747e-14
1984.0,1.249053e-14
1995.0,1.2016379999999999e-14
2005.0,1.228731e-14
2015.0,1.169202e-14
2025.0,1.2255209999999999e-14
2035.0,1.1602919999999999e-14
2045.0,1.210908e-14
2055.0,1.1492399999999999e-14
2065.0,1.143534e-14
2074.0,1.22481e-14
2078.0,1.1834609999999998e-14
2085.0,1.22481e-14
2095.0,1.149951e-14
2105.0,1.141398e-14
2115.0,1.1506649999999999e-14
2125.0,1.1617169999999999e-14
2135.0,1.0544189999999998e-14
2145.0,1.1028989999999999e-14
2155.0,1.139262e-14
2165.0,1.0872149999999998e-14
2175.0,1.071531e-14
2185.0,1.057983e-14
2195.0,1.108605e-14
2205.0,1.065825e-14
2215.0,9.945359999999999e-15
2225.0,9.61383e-15
2235.0,1.0522829999999999e-14
2245.0,9.91326e-15
2255.0,9.36072e-15
2265.0,9.578189999999998e-15
2275.0,9.92754e-15
2285.0,1.033743e-14
2295.0,9.710069999999999e-15
2305.0,9.68871e-15
2315.0,9.125489999999999e-15
2325.0,6.940349999999999e-15
2335.0,8.30916e-15
2345.0,7.906349999999999e-15
2355.0,8.854560000000001e-15
2365.0,7.856429999999998e-15
2375.0,8.22363e-15
2385.0,7.432289999999999e-15
2395.0,8.09172e-15
2405.0,7.71033e-15
2415.0,7.970519999999999e-15
2425.0,8.70486e-15
2435.0,8.3448e-15
2445.0,8.982869999999999e-15
2455.0,8.84031e-15
2465.0,8.70843e-15
2475.0,8.29134e-15
2485.0,8.41254e-15
2495.0,8.09172e-15
2505.0,9.129029999999999e-15
2513.0,7.7994e-15
2518.0,7.95624e-15
2525.0,7.56063e-15
2535.0,7.817219999999999e-15
2545.0,7.685369999999999e-15
2555.0,8.61573e-15
2565.0,8.18085e-15
2575.0,8.854560000000001e-15
2585.0,8.65137e-15
2595.0,8.45175e-15
2605.0,8.0418e-15
2615.0,7.87782e-15
2625.0,8.437499999999999e-15
2635.0,9.150389999999998e-15
2645.0,1.0294649999999999e-14
2655.0,1.108605e-14
2665.0,9.3429e-15
2675.0,9.94893e-15
2685.0,1.0137869999999998e-14
2695.0,9.235979999999998e-15
2705.0,9.82413e-15
2715.0,8.886659999999999e-15
2725.0,8.60862e-15
2735.0,9.303689999999999e-15
2745.0,7.60338e-15
2755.0,7.99191e-15
2765.0,8.56584e-15
2775.0,9.01494e-15
2785.0,8.073899999999999e-15
2795.0,6.10977e-15
2805.0,6.658739999999999e-15
2815.0,8.76903e-15
2825.0,9.68871e-15
2835.0,9.24309e-15
2845.0,8.55159e-15
2855.0,7.83864e-15
2865.0,9.44985e-15
2875.0,1.002381e-14
2885.0,9.784949999999999e-15
2895.0,1.018062e-14
2910.0,1.178823e-14
2930.0,1.0961279999999998e-14
2950.0,1.057272e-14
2970.0,1.081512e-14
2990.0,1.0857899999999998e-14
3010.0,1.0961279999999998e-14
3030.0,1.11288e-14
3050.0,1.121796e-14
3070.0,1.1553e-14
3090.0,1.150305e-14
3110.0,1.20342e-14
3130.0,1.1595749999999999e-14
3150.0,1.1620739999999998e-14
3170.0,1.1998559999999998e-14
3190.0,1.099692e-14
3210.0,1.164921e-14
3230.0,1.0640430000000001e-14
3250.0,1.2462e-14
3270.0,1.3520699999999999e-14
3290.0,1.333173e-14
3310.0,1.2921810000000001e-14
3330.0,1.301451e-14
3350.0,1.27008e-14
3370.0,1.1036099999999998e-14
3390.0,1.1645639999999999e-14
3410.0,1.178469e-14
3430.0,1.1991449999999999e-14
3450.0,1.229088e-14
3470.0,1.243347e-14
3490.0,1.3206989999999999e-14
3510.0,1.3727429999999999e-14
3530.0,1.284696e-14
3550.0,1.400547e-14
3570.0,1.1253569999999999e-14
3590.0,1.1274959999999999e-14
3610.0,1.2736439999999998e-14
3630.0,1.314639e-14
3640.0,1.344225e-14
3650.0,1.467918e-14
3670.0,1.506057e-14
3690.0,1.366686e-14
3710.0,1.461144e-14
3730.0,1.17918e-14
3750.0,1.3777319999999999e-14
3770.0,1.598385e-14
3790.0,1.742391e-14
3810.0,1.795509e-14
3830.0,1.2672269999999998e-14
3850.0,1.681083e-14
3870.0,1.76307e-14
3890.0,1.547052e-14
3910.0,2.0767589999999998e-14
3930.0,1.408389e-14
3950.0,1.8682229999999998e-14
3970.0,1.220532e-14
3990.0,2.329851e-14
4010.0,2.5508579999999997e-14
4030.0,2.528397e-14
4050.0,2.463519e-14
4070.0,2.341965e-14
4090.0,2.4931049999999998e-14
4110.0,2.2246889999999998e-14
4130.0,2.462094e-14
4150.0,2.478495e-14
4170.0,2.4899009999999998e-14
4190.0,2.456394e-14
4210.0,2.472075e-14
4230.0,2.373339e-14
4250.0,2.472075e-14
4270.0,2.3490989999999998e-14
4290.0,2.25891e-14
4310.0,2.026851e-14
4330.0,2.399004e-14
4350.0,2.297412e-14
4370.0,2.7051989999999997e-14
4390.0,2.490969e-14
4410.0,2.587215e-14
4430.0,2.7059159999999997e-14
4450.0,2.7297959999999996e-14
4470.0,2.855271e-14
4490.0,2.895555e-14
4510.0,3.21672e-14
4530.0,2.8688249999999995e-14
4550.0,2.959719e-14
4570.0,3.15969e-14
4590.0,3.0039e-14
4610.0,3.06771e-14
4630.0,2.98716e-14
4650.0,3.0245699999999995e-14
4670.0,3.12795e-14
4690.0,3.06807e-14
4710.0,2.963643e-14
4730.0,3.06843e-14
4750.0,3.1450799999999996e-14
4770.0,3.10479e-14
4790.0,3.10407e-14
4810.0,3.08409e-14
4830.0,3.1547099999999994e-14
4850.0,2.8891409999999996e-14
4870.0,2.5868579999999998e-14
4890.0,3.02136e-14
4910.0,3.03918e-14
4930.0,2.976831e-14
4950.0,3.0987299999999996e-14
4970.0,3.04311e-14
4990.0,2.844585e-14
5010.0,2.6920169999999998e-14
5030.0,2.847075e-14
5050.0,2.827116e-14
5070.0,2.941893e-14
5090.0,2.7889739999999998e-14
5110.0,2.851356e-14
5130.0,2.750118e-14
5150.0,2.6495999999999998e-14
5170.0,2.4645899999999998e-14
5190.0,2.53731e-14
5210.0,2.71839e-14
5230.0,2.8973399999999995e-14
5250.0,3.01353e-14
5270.0,2.675265e-14
5290.0,3.04026e-14
5310.0,3.20745e-14
5330.0,2.837808e-14
5350.0,3.09234e-14
5370.0,3.07092e-14
5390.0,2.999649e-14
5410.0,2.950095e-14
5430.0,2.992527e-14
5450.0,3.0723599999999996e-14
5470.0,3.0032099999999994e-14
5490.0,3.0195899999999994e-14
5510.0,2.980395e-14
5530.0,3.0780599999999995e-14
5550.0,3.11727e-14
5570.0,3.05097e-14
5590.0,2.9754059999999994e-14
5610.0,3.07734e-14
5630.0,3.05133e-14
5650.0,3.09162e-14
5670.0,3.01317e-14
5690.0,3.10623e-14
5710.0,3.00177e-14
5730.0,3.24702e-14
5750.0,3.1194000000000003e-14
5770.0,3.15006e-14
5790.0,3.0245699999999995e-14
5810.0,3.146879999999999e-14
5830.0,3.2349e-14
5850.0,3.13008e-14
5870.0,3.12297e-14
5890.0,2.7747149999999997e-14
5910.0,3.06663e-14
5930.0,3.0887399999999996e-14
5950.0,3.08553e-14
5970.0,3.13653e-14
5990.0,3.0794699999999994e-14
6010.0,3.03636e-14
6030.0,3.11655e-14
6050.0,3.1704e-14
6070.0,3.16005e-14
6090.0,3.0434699999999996e-14
6110.0,3.0531e-14
6130.0,2.8841459999999996e-14
6150.0,2.957934e-14
6170.0,2.8043039999999998e-14
6190.0,2.979684e-14
6210.0,2.950452e-14
6230.0,2.854566e-14
6250.0,2.760099e-14
6270.0,2.893059e-14
6290.0,2.946528e-14
6310.0,2.864901e-14
6330.0,2.904825e-14
6350.0,2.901618e-14
6370.0,2.885217e-14
6390.0,2.94546e-14
6410.0,2.885217e-14
6430.0,2.912667e-14
6450.0,2.888427e-14
6470.0,2.882007e-14
6490.0,2.82177e-14
6510.0,2.9205089999999997e-14
6530.0,2.910174e-14
6550.0,2.8128539999999997e-14
6570.0,2.624286e-14
6590.0,2.856345e-14
6610.0,2.8923479999999996e-14
6630.0,2.863113e-14
6650.0,2.861337e-14
6670.0,2.7925409999999997e-14
6690.0,2.8313909999999998e-14
6710.0,2.719107e-14
6730.0,2.790756e-14
6750.0,2.7397799999999997e-14
6770.0,2.754042e-14
6790.0,2.7173249999999998e-14
6810.0,2.731941e-14
6830.0,2.7633089999999997e-14
6850.0,2.6895179999999998e-14
6870.0,2.735145e-14
6890.0,2.774004e-14
6910.0,2.764734e-14
6930.0,2.741562e-14
6950.0,2.7404969999999997e-14
6970.0,2.775429e-14
6990.0,2.761524e-14
7010.0,2.7173249999999998e-14
7030.0,2.7775679999999998e-14
7050.0,2.790402e-14
7070.0,2.70057e-14
7090.0,2.6135879999999997e-14
7110.0,2.5458659999999998e-14
7130.0,2.4913229999999997e-14
7150.0,2.48277e-14
7170.0,2.512713e-14
7190.0,2.451045e-14
7210.0,2.5109309999999998e-14
7230.0,2.5665389999999996e-14
7250.0,2.5854299999999997e-14
7270.0,2.6032559999999997e-14
7290.0,2.5644059999999996e-14
7310.0,2.640687e-14
7330.0,2.6495999999999998e-14
7350.0,2.6784749999999997e-14
7370.0,2.7479819999999998e-14
7390.0,2.694516e-14
7410.0,2.693799e-14
7430.0,2.760816e-14
7450.0,2.760099e-14
7470.0,2.805726e-14
7490.0,2.799669e-14
7510.0,2.8313909999999998e-14
7530.0,2.8784459999999997e-14
7550.0,2.898762e-14
7570.0,2.885571e-14
7590.0,2.82141e-14
7610.0,2.766162e-14
7630.0,2.7023489999999998e-14
7650.0,2.641395e-14
7670.0,2.5098629999999996e-14
7690.0,2.5718879999999996e-14
7710.0,2.522694e-14
7730.0,2.527683e-14
7750.0,2.5095059999999998e-14
7770.0,2.540166e-14
7790.0,2.5651139999999997e-14
7810.0,2.5601219999999998e-14
7830.0,2.5383809999999997e-14
7850.0,2.5027319999999998e-14
7870.0,2.5480049999999996e-14
7890.0,2.510571e-14
7910.0,2.452116e-14
7930.0,2.462811e-14
7950.0,2.442492e-14
7970.0,2.527683e-14
7990.0,2.5301819999999997e-14
8010.0,2.5562009999999998e-14
8030.0,2.5658309999999996e-14
8050.0,2.5679669999999997e-14
8070.0,2.6039639999999997e-14
8090.0,2.578302e-14
8110.0,2.6078909999999998e-14
8130.0,2.688096e-14
8150.0,2.7208889999999996e-14
8170.0,2.748336e-14
8190.0,2.661714e-14
8210.0,2.624286e-14
8230.0,2.641395e-14
8250.0,2.637117e-14
8270.0,2.665635e-14
8290.0,2.63427e-14
8310.0,2.539449e-14
8330.0,2.521269e-14
8350.0,2.5198409999999998e-14
8370.0,2.536596e-14
8390.0,2.4478379999999998e-14
8410.0,2.529825e-14
8430.0,2.4025679999999998e-14
8450.0,2.3441039999999998e-14
8470.0,2.34624e-14
8490.0,2.364423e-14
8510.0,2.257839e-14
8530.0,2.362641e-14
8550.0,2.1708659999999998e-14
8570.0,2.4428459999999996e-14
8590.0,2.4047069999999997e-14
8610.0,2.433576e-14
8630.0,2.495961e-14
8650.0,2.495961e-14
8670.0,2.239662e-14
8690.0,2.4414239999999997e-14
8710.0,2.53731e-14
8730.0,2.5554869999999996e-14
8750.0,2.5112909999999997e-14
8770.0,2.577945e-14
8790.0,2.6157329999999997e-14
8810.0,2.564043e-14
8830.0,2.5918499999999997e-14
8850.0,2.577234e-14
8870.0,2.459244e-14
8890.0,2.517345e-14
8910.0,2.553711e-14
8930.0,2.5038e-14
8950.0,2.512359e-14
8970.0,2.521623e-14
8990.0,2.523051e-14
9010.0,2.4257399999999997e-14
9030.0,2.529825e-14
9050.0,2.625711e-14
9070.0,2.6264249999999998e-14
9090.0,2.5729559999999998e-14
9110.0,2.6082450000000002e-14
9130.0,2.6585069999999998e-14
9150.0,2.6385479999999998e-14
9170.0,2.6353409999999998e-14
9190.0,2.66457e-14
9210.0,2.549427e-14
9230.0,2.4606719999999996e-14
9250.0,2.469228e-14
9270.0,2.4920399999999997e-14
9290.0,2.459244e-14
9310.0,2.477424e-14
9330.0,2.481702e-14
9350.0,2.4713639999999997e-14
9370.0,2.4285899999999997e-14
9390.0,2.474574e-14
9410.0,2.421462e-14
9430.0,2.489541e-14
9450.0,2.450691e-14
9470.0,2.512002e-14
9490.0,2.517345e-14
9510.0,2.4674429999999998e-14
9530.0,2.4777809999999996e-14
9550.0,2.41362e-14
9570.0,2.4585329999999998e-14
9590.0,2.513424e-14
9610.0,2.477424e-14
9630.0,2.4920399999999997e-14
9650.0,2.4457019999999998e-14
9670.0,2.4457019999999998e-14
9690.0,2.488476e-14
9710.0,2.4478379999999998e-14
9730.0,2.4235979999999997e-14
9750.0,2.41362e-14
9770.0,2.4264479999999997e-14
9790.0,2.390448e-14
9810.0,2.453544e-14
9830.0,2.4260969999999998e-14
9850.0,2.4460559999999998e-14
9870.0,2.427162e-14
9890.0,2.424312e-14
9910.0,2.400783e-14
9930.0,2.417184e-14
9950.0,2.42253e-14
9970.0,2.4235979999999997e-14
9990.0,2.414331e-14
10030.0,2.4047069999999997e-14
10070.0,2.3697719999999996e-14
10130.0,2.4036389999999998e-14
10170.0,2.3744069999999998e-14
10220.0,2.3811809999999998e-14
10280.0,2.3861669999999998e-14
10320.0,2.3548019999999998e-14
10380.0,2.3362649999999997e-14
10430.0,2.345178e-14
10480.0,2.309889e-14
10520.0,2.289213e-14
10580.0,2.243583e-14
10630.0,2.222547e-14
10680.0,2.196531e-14
10720.0,2.209011e-14
10780.0,2.191893e-14
10820.0,2.157678e-14
10870.0,2.149476e-14
10920.0,2.1373559999999998e-14
10980.0,2.113116e-14
11020.0,2.1027809999999996e-14
11080.0,2.069628e-14
11130.0,2.0610749999999998e-14
11170.0,2.0453879999999996e-14
11220.0,2.0439689999999998e-14
11280.0,2.014731e-14
11330.0,2.01117e-14
11380.0,1.995843e-14
11430.0,1.9726709999999997e-14
11470.0,1.997265e-14
11530.0,1.988709e-14
11570.0,1.9641179999999998e-14
11620.0,1.932747e-14
11670.0,1.92954e-14
11730.0,1.936668e-14
11770.0,1.892109e-14
11830.0,1.8725039999999996e-14
11870.0,1.839351e-14
11920.0,1.867158e-14
11980.0,1.803705e-14
12030.0,1.8368579999999998e-14
12070.0,1.8197459999999997e-14
12120.0,1.820463e-14
12180.0,1.822953e-14
12230.0,1.8097679999999998e-14
12270.0,1.795509e-14
12320.0,1.780893e-14
12370.0,1.775904e-14
12430.0,1.7484539999999998e-14
12480.0,1.742391e-14
12530.0,1.7242169999999998e-14
12580.0,1.717446e-14
12620.0,1.706748e-14
12670.0,1.689639e-14
12720.0,1.6892819999999998e-14
12780.0,1.6867889999999996e-14
12830.0,1.62405e-14
12880.0,1.6547069999999997e-14
12920.0,1.635453e-14
12980.0,1.6511399999999998e-14
13020.0,1.627968e-14
13080.0,1.632246e-14
13130.0,1.595178e-14
13180.0,1.590186e-14
13230.0,1.5891179999999998e-14
13280.0,1.5602399999999998e-14
13320.0,1.559529e-14
13380.0,1.540992e-14
13430.0,1.5456299999999998e-14
13470.0,1.5317249999999998e-14
13520.0,1.519251e-14
13570.0,1.496796e-14
13630.0,1.488597e-14
13670.0,1.494654e-14
13730.0,1.496796e-14
13770.0,1.4918039999999997e-14
13820.0,1.4921609999999998e-14
13880.0,1.476831e-14
13930.0,1.4140919999999999e-14
13970.0,1.4044649999999998e-14
14020.0,1.3887839999999999e-14
14080.0,1.398765e-14
14120.0,1.3795169999999999e-14
14180.0,1.392705e-14
14230.0,1.377018e-14
14280.0,1.354206e-14
14330.0,1.377018e-14
14380.0,1.386642e-14
14420.0,1.351713e-14
14480.0,1.374882e-14
14520.0,1.362405e-14
14570.0,1.369176e-14
14620.0,1.3403039999999999e-14
14670.0,1.3317479999999998e-14
14720.0,1.31856e-14
14770.0,1.326402e-14
14830.0,1.3321049999999999e-14
14880.0,1.3167779999999998e-14
14920.0,1.350999e-14
14980.0,1.3374539999999999e-14
15030.0,1.317135e-14
15070.0,1.319631e-14
15120.0,1.3435109999999999e-14
15170.0,1.347435e-14
15220.0,1.3456529999999999e-14
15280.0,1.3538489999999999e-14
15330.0,1.3492169999999999e-14
15370.0,1.347435e-14
15430.0,1.336737e-14
15480.0,1.3388789999999999e-14
15520.0,1.325688e-14
15570.0,1.2886139999999998e-14
15620.0,1.301451e-14
15670.0,1.293966e-14
15720.0,1.3221239999999999e-14
15780.0,1.2415619999999999e-14
15830.0,1.246554e-14
15870.0,1.241211e-14
15930.0,1.2797069999999999e-14
15980.0,1.255821e-14
16050.0,1.263309e-14
16150.0,1.2789899999999999e-14
16250.0,1.245843e-14
16350.0,1.277922e-14
16450.0,1.227303e-14
16550.0,1.253685e-14
16650.0,1.2244529999999999e-14
16750.0,1.215897e-14
16850.0,1.1941529999999998e-14
16950.0,1.198431e-14
17050.0,1.172763e-14
17150.0,1.155654e-14
17250.0,1.130346e-14
17350.0,1.096839e-14
17450.0,1.084362e-14
17550.0,1.0633289999999999e-14
17650.0,1.042299e-14
17750.0,1.0137869999999998e-14
17850.0,9.977459999999999e-15
17950.0,9.72435e-15
18050.0,9.46413e-15
18150.0,9.28233e-15
18250.0,9.15756e-15
18350.0,9.02922e-15
18450.0,8.8011e-15
18550.0,8.70486e-15
18650.0,8.47671e-15
18750.0,8.262809999999998e-15
18850.0,8.255699999999999e-15
18950.0,7.95624e-15
19050.0,8.05608e-15
19150.0,7.906349999999999e-15
19250.0,7.80657e-15
19350.0,7.59627e-15
19450.0,7.40376e-15
19550.0,7.38237e-15
19650.0,7.254059999999999e-15
19750.0,7.065119999999999e-15
19850.0,6.99381e-15
19950.0,6.9118199999999996e-15
20050.0,6.87618e-15
20150.0,6.779909999999999e-15
20250.0,6.62667e-15
20350.0,6.5589299999999995e-15
20450.0,6.54111e-15
20550.0,6.43419e-15
20650.0,6.3522e-15
20750.0,6.29871e-15
20850.0,6.2096099999999995e-15
20950.0,6.10266e-15
21050.0,6.09909e-15
21150.0,5.9885999999999995e-15
21250.0,5.91732e-15
21350.0,5.8994699999999996e-15
21450.0,5.81748e-15
21550.0,5.73195e-15
21650.0,5.6249699999999996e-15
21750.0,5.557259999999999e-15
21850.0,5.5038e-15
21950.0,5.4396300000000004e-15
22050.0,5.30778e-15
22150.0,5.314889999999999e-15
22250.0,5.190119999999999e-15
22350.0,5.12955e-15
22450.0,5.0653799999999995e-15
22550.0,5.00832e-15
22650.0,4.9013699999999994e-15
22750.0,4.89069e-15
22850.0,4.77663e-15
22950.0,4.0743899999999995e-15
23050.0,4.32033e-15
23150.0,4.2953999999999995e-15
23250.0,3.71436e-15
23350.0,3.9638699999999995e-15
23450.0,3.81774e-15
23550.0,3.4234799999999998e-15
23650.0,3.67515e-15
23750.0,3.5354099999999996e-15
23850.0,3.2220599999999997e-15
23950.0,3.4092e-15
24050.0,3.33972e-15
24150.0,3.0673799999999998e-15
24250.0,3.1882199999999996e-15
24350.0,3.11016e-15
24450.0,2.9486759999999996e-15
24550.0,2.898063e-15
24650.0,2.928009e-15
24750.0,2.8039589999999997e-15
24850.0,2.5565759999999998e-15
24950.0,2.537325e-15
25050.0,2.575827e-15
25150.0,2.4114959999999998e-15
25250.0,2.474943e-15
25350.0,2.468529e-15
25450.0,2.412924e-15
25550.0,2.4061469999999996e-15
25650.0,2.409714e-15
25750.0,2.433957e-15
25850.0,2.3402039999999997e-15
25950.0,2.3573159999999997e-15
26050.0,2.377998e-15
26150.0,2.329164e-15
26250.0,2.293524e-15
26350.0,2.301369e-15
26450.0,2.2753529999999996e-15
26550.0,2.2536150000000002e-15
26650.0,2.199792e-15
26750.0,2.242569e-15
26850.0,2.2186920000000002e-15
26950.0,2.151324e-15
27050.0,2.164875e-15
27150.0,2.1417120000000003e-15
27250.0,2.140287e-15
27350.0,2.0893199999999998e-15
27450.0,2.088966e-15
27550.0,2.0793479999999997e-15
27650.0,2.0479829999999997e-15
27750.0,2.0066339999999997e-15
27850.0,2.015196e-15
27950.0,2.0077169999999996e-15
28050.0,1.975281e-15
28150.0,1.94499e-15
28250.0,1.9414229999999998e-15
28350.0,1.92432e-15
28450.0,1.9025759999999998e-15
28550.0,1.883334e-15
28650.0,1.872285e-15
28750.0,1.8505499999999997e-15
28850.0,1.8245339999999998e-15
28950.0,1.8099239999999997e-15
29050.0,1.798161e-15
29150.0,1.782123e-15
29250.0,1.7418479999999999e-15
29350.0,1.746486e-15
29450.0,1.7183339999999997e-15
29550.0,1.7073029999999998e-15
29650.0,1.696989e-15
29750.0,1.6742039999999997e-15
29850.0,1.657119e-15
29950.0,1.6421789999999998e-15
30050.0,1.622598e-15
30150.0,1.6197749999999998e-15
30250.0,1.5944939999999999e-15
30350.0,1.5770519999999999e-15
30450.0,1.580289e-15
30550.0,1.555719e-15
30650.0,1.546836e-15
30750.0,1.5354539999999998e-15
30850.0,1.5151619999999998e-15
30950.0,1.5137639999999998e-15
31050.0,1.506663e-15
31150.0,1.4788859999999998e-15
31250.0,1.4781989999999998e-15
31350.0,1.4629019999999998e-15
31450.0,1.452942e-15
31550.0,1.444011e-15
31650.0,1.426209e-15
31750.0,1.4210280000000001e-15
31850.0,1.41531e-15
31950.0,1.415037e-15
32100.0,1.415961e-15
32300.0,1.4403749999999999e-15
32500.0,1.4891069999999998e-15
32700.0,1.5404189999999999e-15
32900.0,1.568097e-15
33100.0,1.546707e-15
33300.0,1.474473e-15
33500.0,1.377888e-15
33700.0,1.283526e-15
33900.0,1.216701e-15
34100.0,1.169487e-15
34300.0,1.142529e-15
34500.0,1.122657e-15
34700.0,1.100781e-15
34900.0,1.081044e-15
35100.0,1.062729e-15
35300.0,1.0404959999999998e-15
35500.0,1.023606e-15
35700.0,1.003509e-15
35900.0,9.84489e-16
36100.0,9.725910000000001e-16
36300.0,9.52854e-16
36500.0,9.34899e-16
36700.0,9.172949999999999e-16
36900.0,8.97915e-16
37100.0,8.81031e-16
37300.0,8.680649999999999e-16
37500.0,8.479679999999999e-16
37700.0,8.349989999999999e-16
37900.0,8.18823e-16
38100.0,8.083559999999999e-16
38300.0,7.962929999999999e-16
38500.0,7.83252e-16
38700.0,7.659419999999999e-16
38900.0,7.54329e-16
39100.0,7.41291e-16
39300.0,7.30749e-16
39500.0,7.130789999999999e-16
39700.0,7.028849999999999e-16
39900.0,6.873509999999999e-16
40100.0,6.80373e-16
40300.0,6.70905e-16
40500.0,6.56802e-16
40700.0,6.476789999999999e-16
40900.0,6.36783e-16
41100.0,6.2838e-16
41300.0,6.185429999999999e-16
41500.0,6.0801e-16
41700.0,5.974649999999999e-16
41900.0,5.90487e-16
42100.0,5.788709999999999e-16
42300.0,5.733269999999999e-16
42500.0,5.631359999999999e-16
42700.0,5.561579999999999e-16
42900.0,5.29212e-16
43100.0,5.02989e-16
43300.0,5.03493e-16
43500.0,4.81017e-16
43700.0,4.702799999999999e-16
43900.0,4.6275e-16
44100.0,4.452239999999999e-16
44300.0,4.4019899999999997e-16
44500.0,4.34091e-16
44700.0,4.22613e-16
44900.0,4.2221399999999993e-16
45100.0,4.1398199999999996e-16
45300.0,4.0608e-16
45500.0,4.06032e-16
45700.0,4.03848e-16
45900.0,3.9201599999999994e-16
46100.0,3.9411899999999997e-16
46300.0,3.8963999999999996e-16
46500.0,3.8494499999999994e-16
46700.0,3.8612399999999997e-16
46900.0,3.81132e-16
47100.0,3.7589099999999995e-16
47300.0,3.77211e-16
47500.0,3.70614e-16
47700.0,3.6890399999999996e-16
47900.0,3.6701399999999994e-16
48100.0,3.6127499999999994e-16
48300.0,3.6337799999999997e-16
48500.0,3.5831699999999997e-16
48700.0,3.54147e-16
48900.0,3.51333e-16
49100.0,3.4904999999999997e-16
49300.0,3.4659000000000003e-16
49500.0,3.4242e-16
49700.0,3.4217099999999996e-16
49900.0,3.37179e-16
50100.0,3.35646e-16
50300.0,3.33009e-16
50500.0,3.2883899999999997e-16
50700.0,3.2766e-16
50900.0,3.25131e-16
51100.0,3.2177999999999997e-16
51300.0,3.2074499999999995e-16
51500.0,3.17535e-16
51700.0,3.17253e-16
51900.0,3.14151e-16
52100.0,3.12441e-16
52300.0,3.0908999999999996e-16
52500.0,3.07806e-16
52700.0,3.0741599999999995e-16
52900.0,3.0288599999999996e-16
53100.0,3.00462e-16
53300.0,2.993598e-16
53500.0,2.971839e-16
53700.0,2.9547269999999995e-16
53900.0,2.93655e-16
54100.0,2.918958e-16
54300.0,2.90226e-16
54500.0,2.886723e-16
54700.0,2.8726019999999997e-16
54900.0,2.860155e-16
55100.0,2.849619e-16
55300.0,2.8412249999999996e-16
55500.0,2.8352009999999995e-16
55700.0,2.831781e-16
55900.0,2.8311869999999994e-16
56100.0,2.833656e-16
56300.0,2.8394159999999994e-16
56500.0,2.8487159999999994e-16
56700.0,2.861805e-16
56900.0,2.878956e-16
57100.0,2.900451e-16
57300.0,2.926587e-16
57500.0,2.9577089999999996e-16
57700.0,2.994165e-16
57900.0,3.0363299999999997e-16
58100.0,3.08466e-16
58300.0,3.1396199999999996e-16
58500.0,3.20178e-16
58700.0,3.27162e-16
58900.0,3.34986e-16
59100.0,3.43722e-16
59300.0,3.5345399999999997e-16
59500.0,3.64266e-16
59700.0,3.76263e-16
59900.0,3.89565e-16
60100.0,4.04295e-16
60300.0,4.2042e-16
60500.0,4.2039899999999997e-16
60700.0,4.3804799999999995e-16
60900.0,4.546979999999999e-16
61100.0,4.65879e-16
61300.0,5.14104e-16
61500.0,5.89539e-16
61700.0,7.15281e-16
61900.0,8.447939999999999e-16
62100.0,9.76023e-16
62300.0,9.98466e-16
62500.0,9.821849999999998e-16
62700.0,9.22551e-16
62900.0,8.20089e-16
63100.0,7.30248e-16
63300.0,6.638969999999999e-16
63500.0,6.01407e-16
63700.0,5.46813e-16
63900.0,5.045789999999999e-16
64200.0,4.33425e-16
64600.0,3.59901e-16
65000.0,3.40755e-16
65400.0,3.25167e-16
65800.0,3.54549e-16
66200.0,3.79269e-16
66600.0,3.88521e-16
67000.0,3.7871999999999997e-16
67400.0,3.88419e-16
67800.0,4.0218599999999996e-16
68200.0,3.99606e-16
68600.0,3.79566e-16
69000.0,3.9644099999999996e-16
69400.0,4.56246e-16
69800.0,5.00487e-16
70200.0,5.69682e-16
70600.0,4.762349999999999e-16
71000.0,4.2384299999999995e-16
71400.0,4.4892e-16
71800.0,4.824660000000001e-16
72200.0,5.09058e-16
72600.0,4.93905e-16
73000.0,5.391059999999999e-16
73400.0,5.399489999999999e-16
73800.0,5.22144e-16
74200.0,6.1944e-16
74600.0,6.94602e-16
75000.0,7.997099999999999e-16
75400.0,8.079539999999999e-16
75800.0,9.01869e-16
76200.0,9.85539e-16
76600.0,1.023012e-15
77000.0,1.032414e-15
77400.0,9.96729e-16
77800.0,9.796139999999998e-16
78200.0,9.69276e-16
78600.0,9.61779e-16
79000.0,9.25269e-16
79400.0,8.727449999999999e-16
79800.0,7.991819999999999e-16
80200.0,7.259669999999999e-16
80600.0,6.55506e-16
81000.0,5.92353e-16
81400.0,5.467829999999999e-16
81800.0,5.176019999999999e-16
82200.0,4.95996e-16
82600.0,4.84044e-16
83000.0,4.87389e-16
83400.0,4.84425e-16
83800.0,4.80753e-16
84200.0,4.797e-16
84600.0,4.87305e-16
85000.0,4.98933e-16
85400.0,5.11131e-16
85800.0,5.26914e-16
86200.0,5.43618e-16
86600.0,5.26425e-16
87000.0,4.92963e-16
87400.0,4.468379999999999e-16
87800.0,3.96708e-16
88200.0,3.51954e-16
88600.0,3.12222e-16
89000.0,2.70585e-16
89400.0,2.398257e-16
89800.0,2.2449089999999996e-16
90200.0,2.128266e-16
90600.0,2.030853e-16
91000.0,1.953399e-16
91400.0,1.788156e-16
91800.0,1.6137119999999998e-16
92200.0,1.5923879999999997e-16
92600.0,1.5566609999999999e-16
93000.0,1.510665e-16
93400.0,1.460859e-16
93800.0,1.4434319999999999e-16
94200.0,1.4630849999999998e-16
94600.0,1.476486e-16
95000.0,1.4823209999999999e-16
95400.0,1.474974e-16
95800.0,1.4635259999999998e-16
96200.0,1.4997179999999997e-16
96600.0,1.702455e-16
97000.0,1.7719199999999999e-16
97000.0,1.7719199999999999e-16
97400.0,1.7493329999999999e-16
97800.0,1.603128e-16
98200.0,1.4887499999999998e-16
98231.6,1.481058e-16
98600.0,1.4016149999999997e-16
99000.0,1.4438549999999999e-16
99400.0,1.4696609999999999e-16
99478.8,1.471161e-16
99800.0,1.4773169999999998e-16
100000.0,1.4796359999999999e-16
100742.0,1.46832e-16
102021.0,1.497009e-16
103316.0,1.485315e-16
104628.0,1.578237e-16
105957.0,1.842537e-16
107302.0,1.9440689999999998e-16
108665.0,1.9978589999999999e-16
110000.0,2.350692e-16
110044.0,2.3757689999999997e-16
111442.0,3.4922399999999995e-16
112857.0,7.15455e-16
114289.0,5.010899999999999e-16
115741.0,3.2594999999999995e-16
117210.0,2.4879e-16
118699.0,2.3627669999999997e-16
120000.0,2.566257e-16
120206.0,2.585688e-16
121732.0,2.344665e-16
123278.0,2.5843859999999997e-16
124843.0,2.699166e-16
126428.0,3.0642599999999996e-16
128033.0,3.9309e-16
129659.0,2.2052519999999998e-16
130000.0,1.9140029999999998e-16
131305.0,1.646247e-16
132972.0,1.613838e-16
134661.0,1.4810969999999998e-16
136371.0,1.4478839999999997e-16
138102.0,1.29627e-16
139856.0,1.283016e-16
140000.0,1.278675e-16
141631.0,1.340751e-16
143430.0,1.3638329999999998e-16
145251.0,1.117032e-16
147095.0,9.45699e-17
148963.0,9.07167e-17
150000.0,8.90901e-17
150854.0,8.803139999999999e-17
152770.0,8.938949999999999e-17
154710.0,1.2324929999999998e-16
156674.0,9.59253e-17
158663.0,9.589559999999999e-17
160000.0,9.68793e-17
160678.0,9.667439999999999e-17
162718.0,1.169262e-16
164784.0,1.399923e-16
166876.0,1.287759e-16
168995.0,1.44795e-16
170000.0,1.6175850000000001e-16
171141.0,1.47762e-16
173314.0,1.32288e-16
175515.0,1.042722e-16
177743.0,9.43257e-17
180000.0,8.55519e-17
180000.0,8.55519e-17
190000.0,7.80999e-17
200000.0,6.87693e-17
210000.0,6.87576e-17
220000.0,6.882e-17
230000.0,6.94902e-17
240000.0,7.05414e-17
250000.0,6.9297e-17
260000.0,6.93333e-17
270000.0,6.96843e-17
280000.0,7.020059999999999e-17
300000.0,7.1418e-17
320000.0,7.258709999999999e-17
340000.0,7.38429e-17
360000.0,7.525739999999999e-17
380000.0,7.67496e-17
400000.0,7.84632e-17
420000.0,8.04228e-17
440000.0,8.24127e-17
460000.0,8.461859999999999e-17
480000.0,8.687069999999999e-17
500000.0,8.917409999999999e-17
520000.0,9.167729999999999e-17
540000.0,9.424019999999999e-17
560000.0,9.68172e-17
580000.0,9.901739999999999e-17
600000.0,1.0014749999999999e-16
620000.0,1.0132229999999999e-16
640000.0,1.02459e-16
660000.0,1.033836e-16
680000.0,1.0385969999999999e-16
700000.0,1.043076e-16
800000.0,1.061217e-16
900000.0,1.0187609999999999e-16
1000000.0,9.319289999999999e-17
1100000.0,8.488289999999999e-17
1200000.0,7.56126e-17
1300000.0,6.59562e-17
1400000.0,5.59353e-17
1500000.0,4.79454e-17
1599000.0,4.0445699999999994e-17
3000000.0,4.57983e-18
8000000.0,3.36924e-20
12000000.0,4.4222099999999994e-21
12720000.0,3.30297e-21
14470000.0,1.731969e-21
16460000.0,9.13065e-22
18730000.0,4.97061e-22
21310000.0,2.827011e-22
24250000.0,1.6974e-22
27590000.0,1.0819319999999998e-22
31390000.0,7.314869999999999e-23
35720000.0,5.20506e-23
40640000.0,3.86127e-23
46240000.0,2.951772e-23
52610000.0,2.3057129999999997e-23
59860000.0,1.8277229999999997e-23
60460000.0,1.738323e-23
