1005.0,8.179349999999999e-14
1015.0,8.138159999999999e-14
1025.0,5.6193599999999994e-14
1035.0,6.78543e-14
1045.0,9.65814e-14
1055.0,9.38418e-14
1065.0,7.9515e-14
1075.0,8.812079999999999e-14
1085.0,7.646009999999999e-14
1095.0,9.05208e-14
1105.0,8.705459999999998e-14
1115.0,8.453309999999999e-14
1125.0,7.63878e-14
1135.0,9.04239e-14
1145.0,8.450879999999999e-14
1155.0,8.71029e-14
1165.0,8.76846e-14
1175.0,6.48969e-14
1185.0,8.42664e-14
1195.0,6.824219999999999e-14
1205.0,5.6484599999999995e-14
1215.0,4.7660699999999996e-14
1225.0,6.683580000000001e-14
1235.0,8.424209999999999e-14
1245.0,8.846009999999999e-14
1255.0,8.50908e-14
1265.0,7.803569999999999e-14
1275.0,9.11751e-14
1285.0,9.35271e-14
1295.0,7.82541e-14
1305.0,7.79148e-14
1315.0,9.095729999999999e-14
1325.0,8.722379999999999e-14
1335.0,7.97088e-14
1345.0,8.926019999999999e-14
1355.0,8.66907e-14
1365.0,7.927229999999999e-14
1375.0,8.09937e-14
1385.0,8.06055e-14
1395.0,6.90663e-14
1405.0,7.07391e-14
1415.0,7.43997e-14
1425.0,7.47636e-14
1435.0,7.46907e-14
1442.0,7.718759999999999e-14
1447.0,7.76724e-14
1455.0,7.52724e-14
1465.0,7.00119e-14
1475.0,6.967260000000001e-14
1485.0,6.991499999999999e-14
1495.0,6.991499999999999e-14
1505.0,6.6012e-14
1512.0,5.985449999999999e-14
1517.0,6.2715e-14
1525.0,6.10665e-14
1535.0,5.37693e-14
1545.0,5.5806e-14
1555.0,5.342999999999999e-14
1565.0,5.48844e-14
1575.0,5.75997e-14
1585.0,5.9418e-14
1595.0,5.99271e-14
1605.0,5.88846e-14
1615.0,5.861789999999999e-14
1625.0,5.6193599999999994e-14
1635.0,5.89089e-14
1645.0,5.93211e-14
1655.0,5.59269e-14
1665.0,5.9127e-14
1672.0,5.4011999999999995e-14
1677.0,5.93697e-14
1685.0,6.053309999999999e-14
1695.0,5.72361e-14
1705.0,5.51997e-14
1715.0,5.2314899999999995e-14
1725.0,5.1587699999999995e-14
1735.0,5.3720999999999994e-14
1745.0,5.2242299999999996e-14
1755.0,5.41815e-14
1765.0,5.04726e-14
1775.0,5.03274e-14
1785.0,5.0690699999999997e-14
1795.0,5.2630199999999994e-14
1805.0,5.19756e-14
1815.0,4.7927099999999996e-14
1825.0,4.84602e-14
1835.0,4.6545299999999995e-14
1845.0,4.29573e-14
1855.0,4.2641999999999995e-14
1865.0,4.32483e-14
1875.0,4.5624e-14
1885.0,4.20117e-14
1895.0,4.00485e-14
1905.0,4.18908e-14
1915.0,4.00485e-14
1925.0,3.89091e-14
1935.0,3.98061e-14
1945.0,4.07517e-14
1955.0,3.79881e-14
1967.0,4.06302e-14
1976.0,4.143e-14
1984.0,3.92244e-14
1995.0,3.8085e-14
2005.0,3.88845e-14
2015.0,3.76482e-14
2025.0,3.88362e-14
2035.0,3.6630299999999994e-14
2045.0,3.75273e-14
2055.0,3.57576e-14
2065.0,3.58302e-14
2074.0,3.7818e-14
2078.0,3.58545e-14
2085.0,3.692099999999999e-14
2095.0,3.49815e-14
2105.0,3.51513e-14
2115.0,3.5199899999999997e-14
2125.0,3.5369699999999996e-14
2135.0,3.33333e-14
2145.0,3.34788e-14
2155.0,3.43512e-14
2165.0,3.3357299999999996e-14
2175.0,3.28968e-14
2185.0,3.21939e-14
2195.0,3.3139200000000003e-14
2205.0,3.2266199999999994e-14
2215.0,3.0909e-14
2225.0,3.0036299999999995e-14
2235.0,3.1393799999999997e-14
2245.0,3.0423899999999996e-14
2255.0,2.945445e-14
2265.0,2.993943e-14
2275.0,3.0423899999999996e-14
2285.0,3.09573e-14
2295.0,2.9405939999999997e-14
2305.0,2.9599919999999997e-14
2315.0,2.850897e-14
2325.0,2.3822969999999998e-14
2335.0,2.698173e-14
2345.0,2.6448389999999997e-14
2355.0,2.7830219999999998e-14
2365.0,2.625447e-14
2375.0,2.6690789999999998e-14
2385.0,2.533323e-14
2395.0,2.6448389999999997e-14
2405.0,2.562411e-14
2415.0,2.59878e-14
2425.0,2.703018e-14
2435.0,2.6157449999999998e-14
2445.0,2.7248369999999997e-14
2455.0,2.6909039999999998e-14
2465.0,2.6690789999999998e-14
2475.0,2.591505e-14
2485.0,2.627874e-14
2495.0,2.448474e-14
2505.0,2.695746e-14
2513.0,2.477568e-14
2518.0,2.535744e-14
2525.0,2.4557489999999996e-14
2535.0,2.4727199999999998e-14
2545.0,2.429082e-14
2555.0,2.552718e-14
2565.0,2.4969629999999997e-14
2575.0,2.593929e-14
2585.0,2.562411e-14
2595.0,2.528472e-14
2605.0,2.4581699999999998e-14
2615.0,2.4242339999999998e-14
2625.0,2.494536e-14
2635.0,2.550294e-14
2645.0,2.698173e-14
2655.0,2.744235e-14
2665.0,2.5308989999999997e-14
2675.0,2.610903e-14
2685.0,2.610903e-14
2695.0,2.494536e-14
2705.0,2.543022e-14
2715.0,2.4339299999999997e-14
2725.0,2.4186539999999997e-14
2735.0,2.5042349999999996e-14
2745.0,2.252841e-14
2755.0,2.287026e-14
2765.0,2.3471429999999998e-14
2775.0,2.421084e-14
2785.0,2.311749e-14
2795.0,1.985934e-14
2805.0,2.0821769999999997e-14
2815.0,2.374053e-14
2825.0,2.4557489999999996e-14
2835.0,2.3694479999999996e-14
2845.0,2.309079e-14
2855.0,2.233446e-14
2865.0,2.402418e-14
2875.0,2.412114e-14
2885.0,2.393205e-14
2895.0,2.3907839999999997e-14
2910.0,2.5381739999999997e-14
2930.0,2.443629e-14
2950.0,2.3890799999999998e-14
2970.0,2.4053249999999998e-14
2990.0,2.3929589999999997e-14
3010.0,2.3949e-14
3030.0,2.3890799999999998e-14
3050.0,2.377449e-14
3070.0,2.378658e-14
3090.0,2.3665409999999998e-14
3110.0,2.369931e-14
3130.0,2.323629e-14
3150.0,2.317569e-14
3170.0,2.318052e-14
3190.0,2.208237e-14
3210.0,2.263509e-14
3230.0,2.162418e-14
3250.0,2.2812090000000002e-14
3270.0,2.3444789999999998e-14
3290.0,2.3170800000000002e-14
3310.0,2.288478e-14
3330.0,2.2688429999999998e-14
3350.0,2.2283579999999997e-14
3370.0,2.104719e-14
3390.0,2.131629e-14
3410.0,2.133573e-14
3430.0,2.129205e-14
3450.0,2.138418e-14
3470.0,2.131629e-14
3490.0,2.167752e-14
3510.0,2.19684e-14
3530.0,2.125812e-14
3550.0,2.2004729999999998e-14
3570.0,1.997085e-14
3590.0,1.9784159999999998e-14
3610.0,2.0637479999999997e-14
3630.0,2.0824169999999997e-14
3640.0,2.097447e-14
3650.0,2.212599e-14
3670.0,2.2024169999999998e-14
3690.0,2.061324e-14
3710.0,2.1951419999999997e-14
3730.0,2.022054e-14
3750.0,2.323629e-14
3770.0,2.489685e-14
3790.0,2.7393869999999998e-14
3810.0,2.92605e-14
3830.0,2.320233e-14
3850.0,2.930898e-14
3870.0,3.08844e-14
3890.0,2.414541e-14
3910.0,3.25575e-14
3930.0,2.620599e-14
3950.0,3.03756e-14
3970.0,2.0550239999999996e-14
3990.0,3.34788e-14
4010.0,3.5903099999999994e-14
4030.0,3.5563499999999997e-14
4050.0,3.51273e-14
4070.0,3.37209e-14
4090.0,3.25332e-14
4110.0,2.8290809999999998e-14
4130.0,3.37209e-14
4150.0,3.43512e-14
4170.0,3.4278899999999996e-14
4190.0,3.3963599999999997e-14
4210.0,3.3987899999999995e-14
4230.0,3.3139200000000003e-14
4250.0,3.35997e-14
4270.0,3.23637e-14
4290.0,3.1684499999999995e-14
4310.0,2.9284739999999995e-14
4330.0,2.974533e-14
4350.0,2.758773e-14
4370.0,3.37209e-14
4390.0,3.23637e-14
4410.0,3.29694e-14
4430.0,3.35997e-14
4450.0,3.37455e-14
4470.0,3.4327199999999997e-14
4490.0,3.44727e-14
4510.0,3.67755e-14
4530.0,3.4108799999999994e-14
4550.0,3.44727e-14
4570.0,3.5975399999999997e-14
4590.0,3.4593599999999996e-14
4610.0,3.510299999999999e-14
4630.0,3.42303e-14
4650.0,3.44967e-14
4670.0,3.5078699999999995e-14
4690.0,3.44241e-14
4710.0,3.33333e-14
4730.0,3.43029e-14
4750.0,3.4787699999999994e-14
4770.0,3.44727e-14
4790.0,3.4278899999999996e-14
4810.0,3.38664e-14
4830.0,3.40119e-14
4850.0,3.05211e-14
4870.0,2.6933249999999997e-14
4890.0,3.25575e-14
4910.0,3.28968e-14
4930.0,3.2290799999999995e-14
4950.0,3.3284700000000004e-14
4970.0,3.28968e-14
4990.0,3.1248299999999996e-14
5010.0,2.989083e-14
5030.0,3.1102799999999996e-14
5050.0,3.07875e-14
5070.0,3.1709099999999996e-14
5090.0,3.0472499999999993e-14
5110.0,3.08121e-14
5130.0,2.993943e-14
5150.0,2.9090819999999996e-14
5170.0,2.778174e-14
5190.0,2.821812e-14
5210.0,2.9284739999999995e-14
5230.0,3.0302699999999994e-14
5250.0,3.10542e-14
5270.0,2.846052e-14
5290.0,3.10542e-14
5310.0,3.20484e-14
5330.0,2.938173e-14
5350.0,3.11757e-14
5370.0,3.0981899999999996e-14
5390.0,3.0351300000000004e-14
5410.0,2.986668e-14
5430.0,3.01332e-14
5450.0,3.07635e-14
5470.0,3.01089e-14
5490.0,3.0181799999999995e-14
5510.0,2.981808e-14
5530.0,3.03756e-14
5550.0,3.0593699999999995e-14
5570.0,3.0036299999999995e-14
5590.0,2.947866e-14
5610.0,3.0157199999999994e-14
5630.0,2.986668e-14
5650.0,3.0036299999999995e-14
5670.0,2.938173e-14
5690.0,2.998773e-14
5710.0,2.9187779999999996e-14
5730.0,3.08844e-14
5750.0,2.986668e-14
5770.0,3.00603e-14
5790.0,2.9090819999999996e-14
5810.0,2.9914979999999995e-14
5830.0,3.0472499999999993e-14
5850.0,2.9696849999999995e-14
5870.0,2.957568e-14
5890.0,2.7393869999999998e-14
5910.0,2.9139299999999996e-14
5930.0,2.9187779999999996e-14
5950.0,2.9090819999999996e-14
5970.0,2.9405939999999997e-14
5990.0,2.892108e-14
6010.0,2.853327e-14
6030.0,2.904234e-14
6050.0,2.935749e-14
6070.0,2.923629e-14
6090.0,2.8339319999999998e-14
6110.0,2.8339319999999998e-14
6130.0,2.710296e-14
6150.0,2.751504e-14
6170.0,2.654538e-14
6190.0,2.7733229999999998e-14
6210.0,2.7490829999999997e-14
6230.0,2.67393e-14
6250.0,2.593929e-14
6270.0,2.6933249999999997e-14
6290.0,2.7248369999999997e-14
6310.0,2.6593859999999996e-14
6330.0,2.6836259999999997e-14
6350.0,2.67393e-14
6370.0,2.6593859999999996e-14
6390.0,2.695746e-14
6410.0,2.64726e-14
6430.0,2.6642309999999998e-14
6450.0,2.6424179999999998e-14
6470.0,2.6351429999999998e-14
6490.0,2.5818089999999997e-14
6510.0,2.6448389999999997e-14
6530.0,2.625447e-14
6550.0,2.509083e-14
6570.0,2.293323e-14
6590.0,2.5672619999999998e-14
6610.0,2.606052e-14
6630.0,2.5890809999999997e-14
6650.0,2.5842359999999998e-14
6670.0,2.533323e-14
6690.0,2.5648379999999998e-14
6710.0,2.4824129999999997e-14
6730.0,2.5308989999999997e-14
6750.0,2.489685e-14
6770.0,2.49939e-14
6790.0,2.467872e-14
6810.0,2.4727199999999998e-14
6830.0,2.4921180000000002e-14
6850.0,2.4339299999999997e-14
6870.0,2.4630239999999996e-14
6890.0,2.489685e-14
6910.0,2.4751439999999998e-14
6930.0,2.4557489999999996e-14
6950.0,2.44605e-14
6970.0,2.465451e-14
6990.0,2.453325e-14
7010.0,2.4099329999999997e-14
7030.0,2.450901e-14
7050.0,2.460597e-14
7070.0,2.3975699999999997e-14
7090.0,2.3403539999999997e-14
7110.0,2.287509e-14
7130.0,2.249205e-14
7150.0,2.243385e-14
7170.0,2.260596e-14
7190.0,2.2099319999999998e-14
7210.0,2.252601e-14
7230.0,2.285082e-14
7250.0,2.2947779999999998e-14
7270.0,2.301567e-14
7290.0,2.2639949999999998e-14
7310.0,2.3132009999999996e-14
7330.0,2.317569e-14
7350.0,2.332842e-14
7370.0,2.3781719999999997e-14
7390.0,2.3340509999999998e-14
7410.0,2.326053e-14
7430.0,2.369931e-14
7450.0,2.3701769999999996e-14
7470.0,2.3949e-14
7490.0,2.3873879999999996e-14
7510.0,2.408478e-14
7530.0,2.436351e-14
7550.0,2.450901e-14
7570.0,2.436351e-14
7590.0,2.3941769999999997e-14
7610.0,2.357328e-14
7630.0,2.316114e-14
7650.0,2.276112e-14
7670.0,2.1837479999999998e-14
7690.0,2.227875e-14
7710.0,2.1890819999999996e-14
7730.0,2.191266e-14
7750.0,2.174781e-14
7770.0,2.1919919999999998e-14
7790.0,2.212113e-14
7810.0,2.2058099999999998e-14
7830.0,2.186415e-14
7850.0,2.1585389999999996e-14
7870.0,2.187387e-14
7890.0,2.1524790000000002e-14
7910.0,2.107875e-14
7930.0,2.113203e-14
7950.0,2.09454e-14
7970.0,2.1578159999999998e-14
7990.0,2.155872e-14
8010.0,2.1699359999999997e-14
8030.0,2.1738119999999998e-14
8050.0,2.171388e-14
8070.0,2.190537e-14
8090.0,2.1645989999999997e-14
8110.0,2.1815639999999998e-14
8130.0,2.2341749999999997e-14
8150.0,2.251872e-14
8170.0,2.267871e-14
8190.0,2.2099319999999998e-14
8210.0,2.1793889999999998e-14
8230.0,2.191266e-14
8250.0,2.1890819999999996e-14
8270.0,2.2111469999999997e-14
8290.0,2.187144e-14
8310.0,2.115144e-14
8330.0,2.103264e-14
8350.0,2.101086e-14
8370.0,2.1115049999999997e-14
8390.0,2.0479949999999998e-14
8410.0,2.103996e-14
8430.0,2.015025e-14
8450.0,1.977204e-14
8470.0,1.97454e-14
8490.0,1.9999949999999996e-14
8510.0,1.903995e-14
8530.0,2.003871e-14
8550.0,1.853085e-14
8570.0,2.055753e-14
8590.0,2.0065409999999996e-14
8610.0,2.021088e-14
8630.0,2.0892059999999998e-14
8650.0,2.083629e-14
8670.0,1.8785399999999996e-14
8690.0,2.0397509999999997e-14
8710.0,2.11248e-14
8730.0,2.1153869999999998e-14
8750.0,2.042175e-14
8770.0,2.12169e-14
8790.0,2.1573269999999998e-14
8810.0,2.1190199999999998e-14
8830.0,2.135751e-14
8850.0,2.1088409999999997e-14
8870.0,1.9987829999999998e-14
8890.0,2.081205e-14
8910.0,2.113935e-14
8930.0,2.074659e-14
8950.0,2.0802329999999997e-14
8970.0,2.083872e-14
8990.0,2.0770829999999998e-14
9010.0,1.9677509999999998e-14
9030.0,2.0576879999999996e-14
9050.0,2.1466589999999998e-14
9070.0,2.142783e-14
9090.0,2.0976869999999998e-14
9110.0,2.1253259999999998e-14
9130.0,2.163387e-14
9150.0,2.147631e-14
9170.0,2.1422999999999998e-14
9190.0,2.1592679999999997e-14
9210.0,2.066901e-14
9230.0,1.9742969999999998e-14
9250.0,2.010903e-14
9270.0,2.036358e-14
9290.0,2.022054e-14
9310.0,2.0365979999999997e-14
9330.0,2.036115e-14
9350.0,2.0286e-14
9370.0,1.995873e-14
9390.0,2.0266589999999997e-14
9410.0,1.9793849999999998e-14
9430.0,2.032722e-14
9450.0,2.001207e-14
9470.0,2.044119e-14
9490.0,2.045571e-14
9510.0,2.007996e-14
9530.0,2.001693e-14
9550.0,1.9224179999999998e-14
9570.0,1.9847219999999998e-14
9590.0,2.0339369999999998e-14
9610.0,2.00751e-14
9630.0,2.0140559999999997e-14
9650.0,1.98351e-14
9670.0,1.9806e-14
9690.0,2.010903e-14
9710.0,1.9847219999999998e-14
9730.0,1.9670219999999998e-14
9750.0,1.9570829999999998e-14
9770.0,1.9648409999999996e-14
9790.0,1.937934e-14
9810.0,1.982052e-14
9830.0,1.9616909999999997e-14
9850.0,1.973811e-14
9870.0,1.958535e-14
9890.0,1.955145e-14
9910.0,1.9410869999999997e-14
9930.0,1.9502969999999997e-14
9950.0,1.951749e-14
9970.0,1.951749e-14
9990.0,1.942542e-14
10030.0,1.9199939999999998e-14
10070.0,1.8872669999999998e-14
10130.0,1.9209659999999996e-14
10170.0,1.8986609999999998e-14
10220.0,1.900599e-14
10280.0,1.901328e-14
10320.0,1.872963e-14
10380.0,1.857687e-14
10430.0,1.861569e-14
10480.0,1.835871e-14
10520.0,1.82472e-14
10580.0,1.794423e-14
10630.0,1.779387e-14
10680.0,1.752237e-14
10720.0,1.758297e-14
10780.0,1.742295e-14
10820.0,1.715628e-14
10870.0,1.707144e-14
10920.0,1.682418e-14
10980.0,1.6736909999999998e-14
11020.0,1.674663e-14
11080.0,1.654296e-14
11130.0,1.6450829999999998e-14
11170.0,1.630782e-14
11220.0,1.6285979999999997e-14
11280.0,1.60266e-14
11330.0,1.5980549999999997e-14
11380.0,1.586907e-14
11430.0,1.5679950000000002e-14
11470.0,1.584483e-14
11530.0,1.576482e-14
11570.0,1.556361e-14
11620.0,1.532118e-14
11670.0,1.5284789999999998e-14
11730.0,1.535508e-14
11770.0,1.5022980000000002e-14
11830.0,1.489206e-14
11870.0,1.46472e-14
11920.0,1.48557e-14
11980.0,1.4370869999999998e-14
12030.0,1.4593889999999998e-14
12070.0,1.4443619999999998e-14
12120.0,1.443147e-14
12180.0,1.4443619999999998e-14
12230.0,1.432965e-14
12270.0,1.4210849999999999e-14
12320.0,1.409448e-14
12370.0,1.4046e-14
12430.0,1.386663e-14
12480.0,1.381326e-14
12530.0,1.3662989999999998e-14
12580.0,1.3602389999999999e-14
12620.0,1.351998e-14
12670.0,1.33818e-14
12720.0,1.336965e-14
12780.0,1.332603e-14
12830.0,1.274907e-14
12880.0,1.306662e-14
12920.0,1.2928470000000001e-14
12980.0,1.3035119999999999e-14
13020.0,1.285329e-14
13080.0,1.288479e-14
13130.0,1.2620549999999998e-14
13180.0,1.256964e-14
13230.0,1.255995e-14
13280.0,1.233693e-14
13320.0,1.2349079999999999e-14
13380.0,1.2203579999999999e-14
13430.0,1.224237e-14
13470.0,1.213572e-14
13520.0,1.204602e-14
13570.0,1.186419e-14
13630.0,1.180602e-14
13670.0,1.183512e-14
13730.0,1.1837519999999998e-14
13770.0,1.1791469999999998e-14
13820.0,1.1789039999999999e-14
13880.0,1.167027e-14
13930.0,1.1272679999999999e-14
13970.0,1.120722e-14
14020.0,1.1071499999999999e-14
14080.0,1.114422e-14
14120.0,1.0991489999999999e-14
14180.0,1.108362e-14
14230.0,1.0945409999999998e-14
14280.0,1.0773299999999999e-14
14330.0,1.094058e-14
14380.0,1.100118e-14
14420.0,1.071027e-14
14480.0,1.089696e-14
14520.0,1.0780589999999999e-14
14570.0,1.0833929999999999e-14
14620.0,1.0637549999999999e-14
14670.0,1.0576919999999998e-14
14720.0,1.0458149999999999e-14
14770.0,1.050906e-14
14830.0,1.0540559999999999e-14
14880.0,1.042179e-14
14920.0,1.066179e-14
14980.0,1.054302e-14
15030.0,1.040967e-14
15070.0,1.0392689999999999e-14
15120.0,1.055994e-14
15170.0,1.0581779999999999e-14
15220.0,1.0557569999999999e-14
15280.0,1.061088e-14
15330.0,1.05624e-14
15370.0,1.05624e-14
15430.0,1.0475099999999999e-14
15480.0,1.049211e-14
15520.0,1.03806e-14
15570.0,1.0070249999999999e-14
15620.0,1.020843e-14
15670.0,1.0123619999999999e-14
15720.0,1.031754e-14
15780.0,9.72846e-15
15830.0,9.77937e-15
15870.0,9.679949999999999e-15
15930.0,9.990299999999998e-15
15980.0,9.81816e-15
16050.0,9.934529999999999e-15
16150.0,9.999989999999999e-15
16250.0,9.808469999999999e-15
16350.0,9.97332e-15
16450.0,9.61452e-15
16550.0,9.77937e-15
16650.0,9.58299e-15
16750.0,9.469049999999999e-15
16850.0,9.2751e-15
16950.0,9.32601e-15
17050.0,9.11268e-15
17150.0,8.996339999999999e-15
17250.0,8.77815e-15
17350.0,8.50908e-15
17450.0,8.441189999999999e-15
17550.0,8.290890000000001e-15
17650.0,8.13573e-15
17750.0,7.92966e-15
17850.0,7.81329e-15
17950.0,7.626629999999999e-15
18050.0,7.43274e-15
18150.0,7.270259999999999e-15
18250.0,7.18545e-15
18350.0,7.0908899999999995e-15
18450.0,6.921179999999999e-15
18550.0,6.846029999999999e-15
18650.0,6.666659999999999e-15
18750.0,6.484829999999999e-15
18850.0,6.49692e-15
18950.0,6.2593799999999996e-15
19050.0,6.33699e-15
19150.0,6.2205899999999996e-15
19250.0,6.14058e-15
19350.0,5.97576e-15
19450.0,5.81088e-15
19550.0,5.81574e-15
19650.0,5.716349999999999e-15
19750.0,5.580599999999999e-15
19850.0,5.522399999999999e-15
19950.0,5.4545099999999996e-15
20050.0,5.42301e-15
20150.0,5.3502599999999995e-15
20250.0,5.224229999999999e-15
20350.0,5.166059999999999e-15
20450.0,5.15394e-15
20550.0,5.06907e-15
20650.0,4.99881e-15
20750.0,4.9527299999999995e-15
20850.0,4.88001e-15
20950.0,4.79514e-15
21050.0,4.787849999999999e-15
21150.0,4.703009999999999e-15
21250.0,4.64241e-15
21350.0,4.62543e-15
21450.0,4.55997e-15
21550.0,4.49211e-15
21650.0,4.39515e-15
21750.0,4.3490699999999995e-15
21850.0,4.3102799999999995e-15
21950.0,4.261799999999999e-15
22050.0,4.15995e-15
22150.0,4.15995e-15
22250.0,4.0630199999999995e-15
22350.0,4.0169699999999995e-15
22450.0,3.96849e-15
22550.0,3.92484e-15
22650.0,3.84243e-15
22750.0,3.83274e-15
22850.0,3.7454399999999996e-15
22950.0,3.2121e-15
23050.0,3.40365e-15
23150.0,3.37941e-15
23250.0,2.935755e-15
23350.0,3.1296899999999998e-15
23450.0,3.0181799999999997e-15
23550.0,2.707881e-15
23650.0,2.9066669999999997e-15
23750.0,2.8000019999999998e-15
23850.0,2.555154e-15
23950.0,2.70546e-15
24050.0,2.6545499999999997e-15
24150.0,2.441223e-15
24250.0,2.5406099999999997e-15
24350.0,2.484858e-15
24450.0,2.357103e-15
24550.0,2.3246189999999997e-15
24650.0,2.35347e-15
24750.0,2.2584419999999997e-15
24850.0,2.0768639999999997e-15
24950.0,2.069349e-15
25050.0,2.1059549999999997e-15
25150.0,1.968504e-15
25250.0,2.0211149999999997e-15
25350.0,2.01699e-15
25450.0,1.973598e-15
25550.0,1.9626899999999996e-15
25650.0,1.9631729999999998e-15
25750.0,1.983297e-15
25850.0,1.904514e-15
25950.0,1.9188180000000002e-15
26050.0,1.933857e-15
26150.0,1.890957e-15
26250.0,1.859448e-15
26350.0,1.871337e-15
26450.0,1.85268e-15
26550.0,1.831596e-15
26650.0,1.7894249999999997e-15
26750.0,1.8207029999999996e-15
26850.0,1.8042299999999997e-15
26950.0,1.7509049999999998e-15
27050.0,1.762548e-15
27150.0,1.7438879999999998e-15
27250.0,1.7424419999999998e-15
27350.0,1.699305e-15
27450.0,1.700523e-15
27550.0,1.6896209999999999e-15
27650.0,1.6661159999999999e-15
27750.0,1.633881e-15
27850.0,1.640193e-15
27950.0,1.634625e-15
28050.0,1.609905e-15
28150.0,1.584219e-15
28250.0,1.580832e-15
28350.0,1.5687239999999999e-15
28450.0,1.551033e-15
28550.0,1.5347999999999998e-15
28650.0,1.523901e-15
28750.0,1.5040289999999999e-15
28850.0,1.488036e-15
28950.0,1.4761649999999998e-15
29050.0,1.4655089999999998e-15
29150.0,1.453155e-15
29250.0,1.422375e-15
29350.0,1.4248079999999997e-15
29450.0,1.402509e-15
29550.0,1.392861e-15
29650.0,1.3846739999999997e-15
29750.0,1.367037e-15
29850.0,1.352796e-15
29950.0,1.340496e-15
30050.0,1.3247969999999999e-15
30150.0,1.321467e-15
30250.0,1.3014e-15
30350.0,1.284003e-15
30450.0,1.28649e-15
30550.0,1.268853e-15
30650.0,1.260912e-15
30750.0,1.251762e-15
30850.0,1.234851e-15
30950.0,1.232244e-15
31050.0,1.226004e-15
31150.0,1.204245e-15
31250.0,1.202364e-15
31350.0,1.191684e-15
31450.0,1.185726e-15
31550.0,1.183914e-15
31650.0,1.181838e-15
31750.0,1.198842e-15
31850.0,1.231164e-15
31950.0,1.29204e-15
32100.0,1.4503079999999999e-15
32300.0,1.847469e-15
32500.0,2.456235e-15
32700.0,3.1236e-15
32900.0,3.5659499999999995e-15
33100.0,3.5494499999999997e-15
33300.0,3.0683399999999997e-15
33500.0,2.3641169999999996e-15
33700.0,1.71729e-15
33900.0,1.284489e-15
34100.0,1.053552e-15
34300.0,9.54681e-16
34500.0,9.123689999999999e-16
34700.0,8.925479999999998e-16
34900.0,8.76789e-16
35100.0,8.622329999999999e-16
35300.0,8.445299999999999e-16
35500.0,8.314229999999999e-16
35700.0,8.156549999999999e-16
35900.0,8.00616e-16
36100.0,7.909139999999999e-16
36300.0,7.76115e-16
36500.0,7.615649999999999e-16
36700.0,7.479719999999999e-16
36900.0,7.32456e-16
37100.0,7.19595e-16
37300.0,7.094069999999999e-16
37500.0,6.931499999999999e-16
37700.0,6.84651e-16
37900.0,6.722789999999999e-16
38100.0,6.640319999999999e-16
38300.0,6.54852e-16
38500.0,6.450809999999999e-16
38700.0,6.32169e-16
38900.0,6.23622e-16
39100.0,6.138509999999999e-16
39300.0,6.06024e-16
39500.0,5.928659999999999e-16
39700.0,5.85513e-16
39900.0,5.738039999999999e-16
40100.0,5.684009999999999e-16
40300.0,5.61549e-16
40500.0,5.50809e-16
40700.0,5.449169999999999e-16
40900.0,5.37087e-16
41100.0,5.30979e-16
41300.0,5.23611e-16
41500.0,5.15805e-16
41700.0,5.07735e-16
41900.0,5.02569e-16
42100.0,4.942529999999999e-16
42300.0,4.90326e-16
42500.0,4.82736e-16
42700.0,4.77816e-16
42900.0,4.56387e-16
43100.0,4.35975e-16
43300.0,4.3759799999999997e-16
43500.0,4.1985299999999996e-16
43700.0,4.12023e-16
43900.0,4.0712699999999997e-16
44100.0,3.93213e-16
44300.0,3.90741e-16
44500.0,3.86304e-16
44700.0,3.7747799999999994e-16
44900.0,3.7864199999999996e-16
45100.0,3.72774e-16
45300.0,3.66615e-16
45500.0,3.68001e-16
45700.0,3.66738e-16
45900.0,3.58158e-16
46100.0,3.61017e-16
46300.0,3.5776799999999996e-16
46500.0,3.5478599999999997e-16
46700.0,3.5641199999999994e-16
46900.0,3.53697e-16
47100.0,3.50205e-16
47300.0,3.5233799999999994e-16
47500.0,3.48144e-16
47700.0,3.4734299999999994e-16
47900.0,3.4654499999999994e-16
48100.0,3.42861e-16
48300.0,3.4542899999999996e-16
48500.0,3.4244699999999997e-16
48700.0,3.39948e-16
48900.0,3.38664e-16
49100.0,3.3762299999999995e-16
49300.0,3.3636299999999996e-16
49500.0,3.33792e-16
49700.0,3.34059e-16
49900.0,3.3076199999999996e-16
50100.0,3.3015599999999996e-16
50300.0,3.28557e-16
50500.0,3.25599e-16
50700.0,3.2516099999999996e-16
50900.0,3.2368199999999995e-16
51100.0,3.21477e-16
51300.0,3.20919e-16
51500.0,3.19101e-16
51700.0,3.19539e-16
51900.0,3.1747799999999995e-16
52100.0,3.1655699999999996e-16
52300.0,3.1444499999999998e-16
52500.0,3.13914e-16
52700.0,3.14133e-16
52900.0,3.1080899999999995e-16
53100.0,3.0928499999999996e-16
53300.0,3.08919e-16
53500.0,3.0763499999999997e-16
53700.0,3.0668999999999996e-16
53900.0,3.05721e-16
54100.0,3.04812e-16
54300.0,3.0396e-16
54500.0,3.03171e-16
54700.0,3.0243899999999997e-16
54900.0,3.01767e-16
55100.0,3.01137e-16
55300.0,3.0056999999999997e-16
55500.0,3.00063e-16
55700.0,2.996028e-16
55900.0,2.9919449999999997e-16
56100.0,2.9883959999999996e-16
56300.0,2.985297e-16
56500.0,2.982822e-16
56700.0,2.980701e-16
56900.0,2.9791619999999996e-16
57100.0,2.978076e-16
57300.0,2.977467e-16
57500.0,2.9773319999999997e-16
57700.0,2.9776979999999994e-16
57900.0,2.978445e-16
58100.0,2.9797049999999995e-16
58300.0,2.981376e-16
58500.0,2.9834759999999995e-16
58700.0,2.9860709999999996e-16
58900.0,2.9890829999999997e-16
59100.0,2.9925719999999997e-16
59300.0,2.996475e-16
59500.0,3.0008099999999996e-16
59700.0,3.0055499999999996e-16
59900.0,3.0107399999999995e-16
60100.0,3.0163799999999997e-16
60300.0,3.33192e-16
60500.0,3.61536e-16
60700.0,3.7817099999999996e-16
60900.0,3.8646299999999998e-16
61100.0,4.0335e-16
61300.0,4.47507e-16
61500.0,5.34609e-16
61700.0,6.77322e-16
61900.0,8.42064e-16
62100.0,9.76746e-16
62300.0,1.017039e-15
62500.0,1.0092000000000001e-15
62700.0,9.43953e-16
62900.0,8.44086e-16
63100.0,7.34283e-16
63300.0,6.24768e-16
63500.0,5.46822e-16
63700.0,4.93701e-16
63900.0,4.571249999999999e-16
64200.0,4.10307e-16
64600.0,3.50868e-16
65000.0,3.04191e-16
65400.0,3.0369899999999997e-16
65800.0,3.0473699999999995e-16
66200.0,3.27672e-16
66600.0,3.30492e-16
67000.0,3.2104499999999997e-16
67400.0,3.03015e-16
67800.0,3.42063e-16
68200.0,3.03837e-16
68600.0,3.15582e-16
69000.0,3.40521e-16
69400.0,3.6482999999999995e-16
69800.0,3.75834e-16
70200.0,4.64817e-16
70600.0,3.80154e-16
71000.0,3.7281599999999994e-16
71400.0,4.0546199999999997e-16
71800.0,4.0286399999999997e-16
72200.0,4.1724299999999995e-16
72600.0,4.2424499999999995e-16
73000.0,4.66455e-16
73400.0,4.88328e-16
73800.0,5.13306e-16
74200.0,5.97843e-16
74600.0,6.73731e-16
75000.0,7.58817e-16
75400.0,8.05236e-16
75800.0,9.008189999999999e-16
76200.0,9.62484e-16
76600.0,9.952679999999999e-16
77000.0,9.667079999999999e-16
77400.0,9.37515e-16
77800.0,9.085109999999999e-16
78200.0,8.97915e-16
78600.0,8.70225e-16
79000.0,8.2548e-16
79400.0,7.52298e-16
79800.0,6.776249999999999e-16
80200.0,6.01995e-16
80600.0,5.432579999999999e-16
81000.0,4.99947e-16
81400.0,4.77462e-16
81800.0,4.47198e-16
82200.0,4.1917799999999996e-16
82600.0,4.02492e-16
83000.0,4.02432e-16
83400.0,4.0875299999999994e-16
83800.0,4.0312799999999997e-16
84200.0,4.0226699999999998e-16
84600.0,4.05216e-16
85000.0,4.17807e-16
85400.0,4.35549e-16
85800.0,4.59222e-16
86200.0,4.68855e-16
86600.0,4.61973e-16
87000.0,4.33659e-16
87400.0,3.87954e-16
87800.0,3.38541e-16
88200.0,2.8487220000000003e-16
88600.0,2.487339e-16
89000.0,2.2194e-16
89400.0,2.0438129999999997e-16
89800.0,1.8569549999999999e-16
90200.0,1.685607e-16
90600.0,1.5567899999999998e-16
91000.0,1.442076e-16
91400.0,1.3420289999999999e-16
91800.0,1.2848279999999998e-16
92200.0,1.259124e-16
92600.0,1.260156e-16
93000.0,1.263438e-16
93400.0,1.2418559999999998e-16
93800.0,1.1896289999999999e-16
94200.0,1.228164e-16
94600.0,1.217013e-16
95000.0,1.09758e-16
95400.0,1.1064179999999999e-16
95800.0,1.14285e-16
96200.0,1.170276e-16
96600.0,1.195695e-16
97000.0,1.214469e-16
97000.0,1.214469e-16
97400.0,1.198734e-16
97800.0,1.14006e-16
98200.0,1.064673e-16
98231.6,1.061133e-16
98600.0,1.021077e-16
99000.0,9.77988e-17
99400.0,9.36099e-17
99478.8,9.30846e-17
99800.0,9.101399999999999e-17
100000.0,8.97684e-17
100742.0,9.37743e-17
102021.0,9.614069999999999e-17
103316.0,9.4425e-17
104628.0,1.071972e-16
105957.0,1.37346e-16
107302.0,1.356111e-16
108665.0,1.425537e-16
110000.0,1.8667439999999998e-16
110044.0,1.886712e-16
111442.0,2.7204749999999996e-16
112857.0,5.6766e-16
114289.0,3.7501499999999994e-16
115741.0,2.5217639999999995e-16
117210.0,2.0690009999999998e-16
118699.0,2.0600969999999997e-16
120000.0,2.249748e-16
120206.0,2.2456889999999997e-16
121732.0,2.125992e-16
123278.0,2.3444519999999997e-16
124843.0,2.509299e-16
126428.0,2.893443e-16
128033.0,3.9652499999999997e-16
129659.0,2.187498e-16
130000.0,1.938579e-16
131305.0,1.677054e-16
132972.0,1.657038e-16
134661.0,1.6032929999999999e-16
136371.0,1.65738e-16
138102.0,1.476129e-16
139856.0,1.485975e-16
140000.0,1.4966309999999998e-16
141631.0,1.507134e-16
143430.0,1.5029519999999997e-16
145251.0,1.498854e-16
147095.0,1.494837e-16
148963.0,1.4909009999999998e-16
150000.0,1.488771e-16
150854.0,1.4867339999999999e-16
152770.0,1.48227e-16
154710.0,1.477875e-16
156674.0,1.473555e-16
158663.0,1.4693039999999998e-16
160000.0,1.466517e-16
160678.0,1.464288e-16
162718.0,1.4576939999999998e-16
164784.0,1.4511689999999997e-16
166876.0,1.4447189999999999e-16
168995.0,1.438338e-16
170000.0,1.435368e-16
171141.0,1.431726e-16
173314.0,1.4249189999999998e-16
175515.0,1.418193e-16
177743.0,1.411539e-16
180000.0,1.404963e-16
180000.0,1.404963e-16
190000.0,1.368819e-16
200000.0,1.334955e-16
210000.0,1.3045079999999998e-16
220000.0,1.276368e-16
230000.0,1.245945e-16
240000.0,1.218834e-16
250000.0,1.193379e-16
260000.0,1.16865e-16
270000.0,1.1463599999999998e-16
280000.0,1.125978e-16
300000.0,1.0878869999999999e-16
320000.0,1.0585529999999999e-16
340000.0,1.030278e-16
360000.0,1.0198469999999999e-16
380000.0,1.012884e-16
400000.0,1.025001e-16
420000.0,1.055235e-16
440000.0,1.086006e-16
460000.0,1.134897e-16
480000.0,1.187772e-16
500000.0,1.240548e-16
520000.0,1.307781e-16
540000.0,1.379001e-16
560000.0,1.45056e-16
580000.0,1.522251e-16
600000.0,1.593297e-16
620000.0,1.6646369999999997e-16
640000.0,1.735542e-16
660000.0,1.802118e-16
680000.0,1.8590279999999999e-16
700000.0,1.915491e-16
800000.0,2.1303779999999998e-16
900000.0,2.172765e-16
1000000.0,2.084229e-16
1100000.0,1.941972e-16
1200000.0,1.7476679999999999e-16
1300000.0,1.5422579999999999e-16
1400000.0,1.3276589999999998e-16
1500000.0,1.1404679999999998e-16
1599000.0,9.61293e-17
3000000.0,1.05117e-17
8000000.0,6.39855e-20
12000000.0,7.76562e-21
12720000.0,5.73528e-21
14470000.0,2.933436e-21
16460000.0,1.546005e-21
18730000.0,8.42562e-22
21310000.0,4.80279e-22
24250000.0,2.89203e-22
27590000.0,1.850112e-22
31390000.0,1.254732e-22
35720000.0,8.9535e-23
40640000.0,6.65352e-23
46240000.0,5.09265e-23
52610000.0,3.9809399999999995e-23
59860000.0,3.1569899999999996e-23
60460000.0,3.00381e-23
